,tanggal,lokasi
0,31/12/2020,Baru
1,31/12/2020,Jakarta
2,30/12/2020,Jakarta
3,30/12/2020,Menteng
4,30/12/2020,Jakarta Pusat
5,26/12/2020,Jakarta
6,23/12/2020,Jakarta
7,23/12/2020,Kebon Sirih
8,23/12/2020,Jakarta Pusat
9,13/12/2020,Jakarta
10,6/12/2020,Jakarta
11,6/12/2020,Serdang
12,7/12/2020,Jakarta
13,7/12/2020,Jakarta Selatan
14,7/12/2020,Jakarta Timur
15,7/12/2020,Pejaten Timur
16,5/12/2020,Serdang
17,5/12/2020,Jakarta
18,30/11/2020,Marunda
19,30/11/2020,Jakarta Utara
20,30/11/2020,Jakarta
21,25/11/2020,Jakarta
22,25/11/2020,Jakarta Selatan
23,25/11/2020,Jakarta Timur
24,25/11/2020,Kalibata
25,25/11/2020,Rawajati
26,25/11/2020,Kebon Baru
27,25/11/2020,Gedong
28,25/11/2020,Tebet Barat
29,25/11/2020,Pancoran
30,25/11/2020,Tebet
31,25/11/2020,Cikoko
32,22/11/2020,Jakarta
33,20/11/2020,Petamburan
34,20/11/2020,Jakarta
35,20/11/2020,Jakarta Pusat
36,12/11/2020,Jakarta Utara
37,12/11/2020,Jakarta
38,12/11/2020,Kapuk Muara
39,12/11/2020,Marunda
40,12/11/2020,Penjaringan
41,12/11/2020,Pluit
42,12/11/2020,Ancol
43,12/11/2020,Rawa Buaya
44,12/11/2020,Kebon Sirih
45,12/11/2020,Jakarta Selatan
46,5/11/2020,Jakarta
47,5/11/2020,Rawa Buaya
48,5/11/2020,Kebon Sirih
49,5/11/2020,Jakarta Selatan
50,11/11/2020,Jakarta
51,11/11/2020,Jakarta Pusat
52,8/11/2020,Jakarta
53,9/11/2020,Jakarta
54,9/11/2020,Jakarta Selatan
55,9/11/2020,Jakarta Barat
56,9/11/2020,Jakarta Utara
57,9/11/2020,Kebon Sirih
58,5/11/2020,Jakarta Barat
59,5/11/2020,Jakarta Utara
60,8/11/2020,Kebon Sirih
61,8/11/2020,Jakarta Selatan
62,8/11/2020,Jakarta Timur
63,8/11/2020,Kalibata
64,8/11/2020,Kebagusan
65,8/11/2020,Pejaten Barat
66,6/11/2020,Jakarta
67,20/11/2018,Jakarta
68,6/11/2020,Manggarai
69,6/11/2020,Tanjung Priok
70,6/11/2020,Jakarta Utara
71,4/11/2020,Jakarta
72,4/11/2020,Manggarai
73,4/11/2020,Tanjung Priok
74,4/11/2020,Jakarta Utara
75,5/11/2020,Jagakarsa
76,4/11/2020,Kebon Sirih
77,4/11/2020,Jakarta Selatan
78,5/11/2020,Tanjung Priok
79,4/11/2020,Jakarta Timur
80,4/11/2020,Jakarta Pusat
81,22/10/2020,Jakarta
82,22/10/2020,Jakarta Utara
83,22/10/2020,Tanjung Priok
84,22/10/2020,Jakarta Timur
85,22/10/2020,Jakarta Selatan
86,22/10/2020,Jakarta Pusat
87,4/11/2020,Jakarta Barat
88,28/10/2020,Jakarta
89,28/10/2020,Kebon Pala
90,28/10/2020,Jakarta Timur
91,27/10/2020,Jakarta
92,27/10/2020,Jakarta Timur
93,27/10/2020,Jakarta Selatan
94,27/10/2020,Bangka
95,27/10/2020,Rambutan
96,27/10/2020,Pancoran
97,27/10/2020,Kebayoran Lama
98,27/10/2020,Mampang Prapatan
99,27/10/2020,Ciracas
100,27/10/2020,Cipayung
101,27/10/2020,Duren Tiga
102,27/10/2020,Kebayoran Lama Selatan
103,27/10/2020,Pela Mampang
104,27/10/2020,Cibubur
105,27/10/2020,Kelapa Dua Wetan
106,27/10/2020,Lubang Buaya
107,25/10/2020,Jakarta
108,23/9/2020,Jakarta
109,26/10/2020,Jakarta
110,26/10/2020,Jakarta Timur
111,26/10/2020,Rambutan
112,26/10/2020,Cipinang Muara
113,26/10/2020,Jakarta Selatan
114,26/10/2020,Jati Padang
115,26/10/2020,Jakarta Utara
116,26/10/2020,Rawa Badak Selatan
117,26/10/2020,Penggilingan
118,26/10/2020,Dukuh
119,26/10/2020,Kramat Jati
120,26/10/2020,Ciracas
121,26/10/2020,Lubang Buaya
122,26/10/2020,Cipayung
123,26/10/2020,Pekayon
124,26/10/2020,Bintaro
125,26/10/2020,Pesanggrahan
126,26/10/2020,Petukangan Utara
127,26/10/2020,Kalisari
128,26/10/2020,Pasar Rebo
129,26/10/2020,Cibubur
130,26/10/2020,Munjul
131,24/10/2020,Jakarta
132,25/10/2020,Kebon Pala
133,25/10/2020,Kampung Melayu
134,25/10/2020,Jakarta Timur
135,25/10/2020,Rawajati
136,25/10/2020,Kalibata
137,25/10/2020,Jakarta Selatan
138,25/10/2020,Pejaten Timur
139,25/10/2020,Pengadegan
140,25/10/2020,Kebon Baru
141,25/10/2020,Manggarai
142,25/10/2020,Bintaro
143,25/10/2020,Balekambang
144,25/10/2020,Cawang
145,25/10/2020,Bidara Cina
146,21/10/2020,Jakarta
147,21/10/2020,Ciganjur
148,21/10/2020,Kebon Sirih
149,21/10/2020,Jakarta Pusat
150,20/10/2020,Jakarta
151,20/10/2020,Ciganjur
152,20/10/2020,Jakarta Selatan
153,20/10/2020,Kebon Sirih
154,20/10/2020,Jakarta Pusat
155,19/10/2020,Jakarta
156,19/10/2020,Kebon Sirih
157,19/10/2020,Ciganjur
158,19/10/2020,Jakarta Selatan
159,19/10/2020,Jakarta Pusat
160,18/10/2020,Jakarta Barat
161,18/10/2020,Sukabumi Selatan
162,18/10/2020,Jakarta Selatan
163,18/10/2020,Kebon Jeruk
164,18/10/2020,Jakarta
165,18/10/2020,Johar Baru
166,18/10/2020,Jakarta Pusat
167,17/10/2020,Jakarta
168,17/10/2020,Manggarai
169,16/10/2020,Jakarta
170,16/10/2020,Manggarai
171,17/10/2020,Jakarta Pusat
172,16/10/2020,Jakarta Selatan
173,16/10/2020,Jakarta Pusat
174,16/10/2020,Jakarta Barat
175,16/10/2020,Sukabumi Selatan
176,16/10/2020,Tanjung Duren Utara
177,16/10/2020,Jakarta Timur
178,16/10/2020,Pulo Gadung
179,16/10/2020,Jakarta Utara
180,16/10/2020,Kebon Bawang
181,16/10/2020,Johar Baru
182,16/10/2020,Sunter Jaya
183,16/10/2020,Tanjung Priok
184,16/10/2020,Sungai Bambu
185,16/10/2020,Slipi
186,16/10/2020,Grogol Petamburan
187,16/10/2020,Joglo
188,16/10/2020,Kembangan
189,16/10/2020,Kebon Jeruk
190,16/10/2020,Kedaung Kali Angke
191,16/10/2020,Cengkareng
192,16/10/2020,Cipulir
193,16/10/2020,Kebayoran Lama
194,16/10/2020,Grogol Selatan
195,16/10/2020,Kebayoran Lama Utara
196,16/10/2020,Pondok Bambu
197,16/10/2020,Duren Sawit
198,16/10/2020,Galur
199,16/10/2020,Utan Kayu Selatan
200,16/10/2020,Matraman
201,16/10/2020,Pulo
202,16/10/2020,Kayu Putih
203,16/10/2020,Penggilingan
204,16/10/2020,Cakung Barat
205,16/10/2020,Cakung
206,15/10/2020,Jakarta
207,15/10/2020,Kebon Sirih
208,16/10/2020,Bangka
209,16/10/2020,Srengseng
210,16/10/2020,Sukabumi Utara
211,16/10/2020,Jati
212,16/10/2020,Cipinang Melayu
213,16/10/2020,Makasar
214,16/10/2020,Utan Kayu Utara
215,16/10/2020,Kramat Pela
216,16/10/2020,Kebayoran Baru
217,16/10/2020,Ulujami
218,16/10/2020,Pesanggrahan
219,16/10/2020,Bintaro
220,16/10/2020,Petukangan Selatan
221,16/10/2020,Bendungan Hilir
222,16/10/2020,Tanah Abang
223,15/7/2020,Ciganjur
224,15/7/2020,Jakarta Selatan
225,15/7/2020,Jakarta
226,15/10/2020,Jakarta Selatan
227,15/10/2020,Cipete Utara
228,15/10/2020,Petogogan
229,15/10/2020,Cipulir
230,15/10/2020,Pondok Pinang
231,15/10/2020,Rawajati
232,15/10/2020,Ulujami
233,15/10/2020,Pondok Labu
234,15/10/2020,Bangka
235,15/10/2020,Pejaten Timur
236,15/10/2020,Jati Padang
237,15/10/2020,Jakarta Barat
238,15/10/2020,Rawa Buaya
239,15/10/2020,Tegal Alur
240,15/10/2020,Kedoya Utara
241,15/10/2020,Kedoya Selatan
242,15/10/2020,Jakarta Utara
243,15/10/2020,Pademangan Barat
244,15/10/2020,Pluit
245,15/10/2020,Penjaringan
246,15/10/2020,Jakarta Timur
247,15/10/2020,Bidara Cina
248,15/10/2020,Kampung Melayu
249,15/10/2020,Cawang
250,15/10/2020,Cililitan
251,15/10/2020,Cipinang Melayu
252,13/10/2020,Jakarta
253,13/10/2020,Ciganjur
254,13/10/2020,Jagakarsa
255,13/10/2020,Jakarta Selatan
256,13/10/2020,Jakarta Pusat
257,12/10/2020,Ciganjur
258,12/10/2020,Jagakarsa
259,12/10/2020,Jakarta Selatan
260,12/10/2020,Jakarta
261,11/10/2020,Ciganjur
262,11/10/2020,Jagakarsa
263,11/10/2020,Jakarta Selatan
264,11/10/2020,Jakarta
265,11/10/2020,Pasar Minggu
266,11/10/2020,Setu
267,11/10/2020,Rambutan
268,11/10/2020,Jakarta Timur
269,11/10/2020,Cilandak Timur
270,11/10/2020,Pondok Pinang
271,11/10/2020,Ciracas
272,11/10/2020,Cipinang
273,10/10/2020,Ciganjur
274,10/10/2020,Jagakarsa
275,10/10/2020,Jakarta Selatan
276,10/10/2020,Jakarta
277,10/10/2020,Setu
278,10/10/2020,Kali Baru
279,10/10/2020,Kedaung Kali Angke
280,10/10/2020,Jakarta Barat
281,10/10/2020,Karet
282,11/10/2020,Jakarta Barat
283,11/10/2020,Kedaung Kali Angke
284,10/10/2020,Jakarta Timur
285,10/10/2020,Tanjung Barat
286,10/10/2020,Cilandak Timur
287,10/10/2020,Pasar Minggu
288,10/10/2020,Pejaten Barat
289,10/10/2020,Kalisari
290,10/10/2020,Pasar Rebo
291,10/10/2020,Bambu Apus
292,10/10/2020,Cipayung
293,10/10/2020,Cijantung
294,10/10/2020,Susukan
295,10/10/2020,Ciracas
296,10/10/2020,Kramat Jati
297,10/10/2020,Cipinang
298,7/10/2020,Jakarta
299,05/10/2020,Jakarta
300,05/10/2020,Jakarta Selatan
301,05/10/2020,Jakarta Timur
302,05/10/2020,Jakarta Barat
303,05/10/2020,Cilandak Timur
304,05/10/2020,Pejaten Timur
305,05/10/2020,Bidara Cina
306,4/10/2020,Jakarta
307,4/10/2020,Jakarta Selatan
308,4/10/2020,Jakarta Timur
309,4/10/2020,Jakarta Barat
310,4/10/2020,Cilandak Timur
311,4/10/2020,Pejaten Timur
312,4/10/2020,Bidara Cina
313,5/10/2020,Jakarta
314,5/10/2020,Jakarta Selatan
315,5/10/2020,Jakarta Timur
316,5/10/2020,Jakarta Barat
317,5/10/2020,Cilandak Timur
318,5/10/2020,Pejaten Timur
319,5/10/2020,Bidara Cina
320,5/10/2020,Cipete Utara
321,5/10/2020,Kebayoran Baru
322,5/10/2020,Grogol Selatan
323,5/10/2020,Kebayoran Lama
324,5/10/2020,Gunung
325,5/10/2020,Petogogan
326,5/10/2020,Baru
327,5/10/2020,Pondok Pinang
328,5/10/2020,Bangka
329,5/10/2020,Pela Mampang
330,5/10/2020,Mampang Prapatan
331,5/10/2020,Jagakarsa
332,5/10/2020,Sukabumi Selatan
333,5/10/2020,Kebon Jeruk
334,5/10/2020,Kembangan Utara
335,5/10/2020,Kembangan
336,5/10/2020,Angke
337,30/9/2020,Jakarta
338,29/9/2020,Jakarta
339,25/9/2020,Jakarta
340,22/9/2020,Jakarta
341,22/9/2020,Rawajati
342,22/9/2020,Jakarta Selatan
343,22/9/2020,Kampung Melayu
344,22/9/2020,Jakarta Timur
345,22/9/2020,Jakarta Barat
346,22/9/2020,Jakarta Pusat
347,22/9/2020,Jakarta Utara
348,22/9/2020,Kembangan Utara
349,22/9/2020,Pengadegan
350,22/9/2020,Bukit Duri
351,22/9/2020,Pancoran
352,22/9/2020,Kembangan
353,21/9/2020,Jakarta
354,21/9/2020,Manggarai
355,21/9/2020,Kampung Melayu
356,21/9/2020,Jakarta Barat
357,22/9/2020,Kedoya Utara
358,22/9/2020,Kebon Jeruk
359,21/9/2020,Jakarta Selatan
360,21/9/2020,Jakarta Timur
361,21/9/2020,Jakarta Pusat
362,21/9/2020,Jakarta Utara
363,21/9/2020,Pesanggrahan
364,21/9/2020,Angke
365,21/9/2020,Cipinang
366,21/9/2020,Pulo Gadung
367,21/9/2020,Karet
368,21/9/2020,Krukut
369,22/9/2020,Pulo
370,22/9/2020,Jatinegara
371,22/9/2020,Bidara Cina
372,22/9/2020,Cengkareng
373,22/9/2020,Rawa Buaya
374,21/9/2020,Kembangan Utara
375,21/9/2020,Pengadegan
376,22/9/2020,Manggarai
377,22/9/2020,Menteng
378,22/9/2020,Pesanggrahan
379,22/9/2020,Bambu Utara
380,22/9/2020,Palmerah
381,22/9/2020,Kelapa Dua
382,22/9/2020,Jelambar
383,22/9/2020,Grogol
384,22/9/2020,Kembangan Selatan
385,22/9/2020,Cengkareng Barat
386,21/9/2020,Pejaten Timur
387,21/9/2020,Rawa Jati
388,21/9/2020,Baru
389,21/9/2020,Tebet
390,21/9/2020,Kebon Baru
391,21/9/2020,Bukit Duri
392,21/9/2020,Rawajati
393,21/9/2020,Kalibata
394,21/9/2020,Cawang
395,21/9/2020,Bidara Cina
396,21/9/2020,Karet Semanggi
397,21/9/2020,Pasar Baru
398,21/9/2020,Setiabudi
399,21/9/2020,Palmerah
400,21/9/2020,Bambu Utara
401,21/9/2020,Petamburan
402,21/9/2020,Tanah Abang
403,21/9/2020,Karet Tengsin
404,21/9/2020,Pulo
405,15/9/2020,Jakarta
406,15/9/2020,Bintaro
407,15/9/2020,Jakarta Selatan
408,15/9/2020,Cengkareng
409,15/9/2020,Jakarta Barat
410,15/9/2020,Pela Mampang
411,15/9/2020,Mampang Prapatan
412,15/9/2020,Pesanggrahan
413,15/9/2020,Duri Kosambi
414,27/8/2020,Jakarta
415,24/8/2020,Jakarta
416,24/8/2020,Jakarta Pusat
417,24/8/2020,Jakarta Timur
418,24/8/2020,Kepulauan Seribu
419,24/8/2020,Jakarta Barat
420,24/8/2020,Jakarta Utara
421,24/8/2020,Jakarta Selatan
422,24/8/2020,Kebayoran Baru
423,24/8/2020,Kramat
424,24/8/2020,Pasar Minggu
425,24/8/2020,Manggarai
426,24/8/2020,Tanjung Priok
427,24/8/2020,Menteng
428,13/1/2016,Jakarta
429,13/1/2016,Kelapa Dua
430,13/1/2016,Pulo
431,13/1/2016,Jakarta Timur
432,13/1/2016,Jakarta Pusat
433,19/6/2019,Jakarta
434,19/6/2019,Kelapa Dua
435,19/6/2019,Pulo
436,19/6/2019,Jakarta Timur
437,19/6/2019,Jakarta Pusat
438,30/10/2019,Jakarta
439,30/10/2019,Kelapa Dua
440,30/10/2019,Pulo
441,30/10/2019,Jakarta Timur
442,30/10/2019,Jakarta Pusat
443,31/10/2019,Jakarta
444,31/10/2019,Kelapa Dua
445,31/10/2019,Pulo
446,31/10/2019,Jakarta Timur
447,31/10/2019,Jakarta Pusat
448,2/1/2020,Jakarta
449,2/1/2020,Kelapa Dua
450,2/1/2020,Pulo
451,2/1/2020,Jakarta Timur
452,2/1/2020,Jakarta Pusat
453,14/1/2020,Jakarta
454,14/1/2020,Kelapa Dua
455,14/1/2020,Pulo
456,14/1/2020,Jakarta Timur
457,14/1/2020,Jakarta Pusat
458,19/8/2020,Jakarta
459,19/8/2020,Kelapa Dua
460,19/8/2020,Pulo
461,19/8/2020,Jakarta Timur
462,19/8/2020,Jakarta Pusat
463,13/1/2016,Penjaringan
464,13/1/2016,Jakarta Utara
465,19/6/2019,Penjaringan
466,19/6/2019,Jakarta Utara
467,30/10/2019,Penjaringan
468,30/10/2019,Jakarta Utara
469,31/10/2019,Penjaringan
470,31/10/2019,Jakarta Utara
471,2/1/2020,Penjaringan
472,2/1/2020,Jakarta Utara
473,14/1/2020,Penjaringan
474,14/1/2020,Jakarta Utara
475,19/8/2020,Penjaringan
476,19/8/2020,Jakarta Utara
477,13/8/2020,Jakarta
478,13/8/2020,Tegal Alur
479,13/8/2020,Cilincing
480,13/8/2020,Pademangan
481,13/8/2020,Pademangan Timur
482,13/8/2020,Jakarta Utara
483,13/8/2020,Kuningan Timur
484,13/8/2020,Setia Budi
485,13/8/2020,Jakarta Selatan
486,13/8/2020,Senayan
487,13/8/2020,Baru
488,13/8/2020,Pancoran
489,13/8/2020,Pesanggrahan
490,13/8/2020,Kapuk
491,13/8/2020,Cengkareng
492,13/8/2020,Jakarta Barat
493,13/8/2020,Kampung Tengah
494,13/8/2020,Kramat Jati
495,13/8/2020,Jakarta Timur
496,12/8/2020,Jakarta
497,12/8/2020,Koja
498,13/8/2020,Bukit Duri
499,13/8/2020,Tebet
500,7/8/2020,Jakarta
501,10/8/2020,Jakarta
502,10/8/2020,Manggarai
503,7/8/2020,Manggarai
504,6/8/2020,Jakarta
505,6/8/2020,Pulo
506,6/8/2020,Jatinegara
507,6/8/2020,Bukit Duri
508,6/8/2020,Jakarta Utara
509,6/8/2020,Kalibata
510,6/8/2020,Jakarta Selatan
511,27/7/2020,Jakarta
512,27/7/2020,Pondok Rangon
513,27/7/2020,Ancol
514,17/7/2020,Jati
515,17/7/2020,Jakarta
516,16/7/2020,Jakarta
517,11/7/2020,Jakarta
518,11/7/2020,Ancol
519,11/7/2020,Gunung
520,6/7/2020,Jakarta
521,9/7/2020,Jakarta
522,7/6/2020,Jakarta Utara
523,7/6/2020,Jakarta
524,6/6/2020,Jakarta
525,6/6/2020,Pulo Gadung
526,6/6/2020,Jakarta Utara
527,6/6/2020,Ancol
528,2/6/2020,Jakarta
529,21/5/2020,Jakarta
530,21/5/2020,Pesanggrahan
531,21/5/2020,Cililitan
532,21/5/2020,Jakarta Timur
533,21/5/2020,Kampung Melayu
534,21/5/2020,Pondok Pinang
535,21/5/2020,Kebon Baru
536,21/5/2020,Cawang
537,19/5/2020,Jakarta
538,19/5/2020,Balekambang
539,19/5/2020,Kampung Melayu
540,19/5/2020,Bidara Cina
541,19/5/2020,Cawang
542,19/5/2020,Pejaten Timur
543,19/5/2020,Kebon Baru
544,19/5/2020,Manggarai
545,19/5/2020,Pengadegan
546,4/5/2020,Jakarta
547,4/5/2020,Grogol
548,30/4/2020,Kebayoran Lama
549,30/4/2020,Jakarta Selatan
550,30/4/2020,Jakarta
551,29/4/2020,Jakarta
552,29/4/2020,Jakarta Selatan
553,29/4/2020,Jakarta Barat
554,29/4/2020,Kebayoran Baru
555,29/4/2020,Pancoran
556,29/4/2020,Kembangan
557,29/4/2020,Cawang
558,29/4/2020,Jakarta Timur
559,29/4/2020,Jatinegara
560,28/4/2020,Jakarta Barat
561,28/4/2020,Rawa Buaya
562,28/4/2020,Jakarta
563,28/4/2020,Kembangan
564,28/4/2020,Angke
565,28/4/2020,Kembangan Utara
566,28/4/2020,Kembangan Selatan
567,20/4/2020,Jakarta
568,14/4/2020,Jakarta
569,19/4/2020,Kebon Pala
570,19/4/2020,Kampung Melayu
571,19/4/2020,Jakarta Timur
572,19/4/2020,Jakarta
573,8/4/2020,Jakarta
574,7/4/2020,Jakarta
575,6/4/2020,Jakarta
576,1/4/2020,Jakarta
577,30/3/2020,Jakarta
578,20/3/2020,Jakarta
579,20/3/2020,Cipulir
580,20/3/2020,Menteng Atas
581,20/3/2020,Duren Tiga
582,20/3/2020,Jakarta Selatan
583,20/3/2020,Petukangan Utara
584,20/3/2020,Pesanggrahan
585,20/3/2020,Ulujami
586,20/3/2020,Jakarta Timur
587,20/3/2020,Cipinang Cempedak
588,20/3/2020,Jatinegara
589,16/3/2020,Gedong
590,16/3/2020,Jakarta
591,13/3/2020,Jakarta
592,13/3/2020,Jakarta Pusat
593,6/3/2020,Jakarta
594,6/3/2020,Jakarta Selatan
595,6/4/2020,Jakarta Selatan
596,6/3/2020,Angke
597,4/3/2020,Jakarta
598,4/3/2020,Jakarta Pusat
599,3/3/2020,Jakarta
600,3/3/2020,Kebon Sirih
601,3/3/2020,Jakarta Pusat
602,2/3/2020,Jakarta
603,2/3/2020,Jakarta Timur
604,25/2/2020,Jakarta
605,2/3/2020,Kemayoran
606,2/3/2020,Jakarta Pusat
607,1/3/2020,Jakarta
608,1/3/2020,Kemayoran
609,1/3/2020,Jakarta Pusat
610,1/3/2020,Jakarta Timur
611,29/2/2020,Jakarta
612,28/2/2020,Jakarta
613,28/2/2020,Jakarta Timur
614,28/2/2020,Manggarai
615,25/2/2020,Jakarta Timur
616,25/2/2020,Manggarai
617,29/2/2020,Kebon Pala
618,29/2/2020,Jakarta Timur
619,29/2/2020,Jatinegara
620,29/2/2020,Pulo
621,28/2/2020,Kebon Pala
622,28/2/2020,Jatinegara
623,28/2/2020,Pulo
624,28/2/2020,Kemayoran
625,28/2/2020,Jakarta Pusat
626,28/2/2020,Kebon Kosong
627,25/2/2020,Kemayoran
628,25/2/2020,Jakarta Pusat
629,25/2/2020,Kebon Kosong
630,28/2/2020,Senayan
631,28/2/2020,Tanah Abang
632,28/2/2020,Gambir
633,20/2/2020,Jakarta
634,20/2/2020,Tanah Abang
635,20/2/2020,Gambir
636,20/2/2020,Jakarta Pusat
637,26/2/2020,Jakarta
638,26/2/2020,Tanah Abang
639,26/2/2020,Gambir
640,26/2/2020,Jakarta Pusat
641,4/7/2018,Jakarta Pusat
642,4/7/2018,Jakarta
643,28/2/2020,Baru
644,25/20/2020,Jakarta
645,25/20/2020,Baru
646,27/2/2020,Jakarta
647,27/2/2020,Senayan
648,27/2/2020,Jakarta Pusat
649,27/2/2020,Pluit
650,27/2/2020,Jakarta Utara
651,26/7/2014,Senayan
652,26/7/2014,Jakarta
653,26/7/2014,Pluit
654,26/7/2014,Jakarta Utara
655,27/2/2020,Jati
656,27/2/20202,Jakarta
657,27/2/20202,Jakarta Pusat
658,27/2/20202,Tanjung Priok
659,27/2/20202,Kramat
660,27/2/20202,Jakarta Utara
661,27/2/2020,Manggarai
662,27/2/2020,Jakarta Barat
663,27/2/2020,Jakarta Timur
664,27/2/2020,Pejagalan
665,27/2/2020,Ancol
666,26/2/2020,Ancol
667,26/2/2020,Jakarta Utara
668,23/2/2020,Jakarta
669,26/2/2020,Pulogadung
670,26/2/2020,Jakarta Timur
671,26/2/2020,Jakarta Barat
672,23/1/2020,Jakarta
673,23/1/2020,Ancol
674,23/1/2020,Jakarta Utara
675,23/1/2020,Jakarta Pusat
676,12/12/2019,Jakarta
677,12/12/2019,Ancol
678,12/12/2019,Jakarta Utara
679,12/12/2019,Jakarta Pusat
680,1/11/2019,Jakarta
681,1/11/2019,Ancol
682,1/11/2019,Jakarta Utara
683,1/11/2019,Jakarta Pusat
684,26/2/2020,Pluit
685,7/2/2018,Jakarta
686,7/2/2018,Pluit
687,7/2/2018,Jakarta Utara
688,26/2/2020,Jakarta Selatan
689,26/2/2020,Pejagalan
690,26/2/2020,Kemayoran
691,26/2/2020,Pegangsaan
692,26/2/2020,Manggarai
693,26/2/2020,Senayan
694,26/2/2020,Cakung
695,26/2/2020,Baru
696,17/1/2013,Jakarta
697,17/1/2013,Senayan
698,17/1/2013,Pluit
699,17/1/2013,Penjaringan
700,17/1/2013,Baru
701,17/1/2013,Pulogadung
702,17/1/2013,Jakarta Timur
703,17/1/2013,Jakarta Utara
704,31/11/2013,Jakarta
705,31/11/2013,Senayan
706,31/11/2013,Pluit
707,31/11/2013,Penjaringan
708,31/11/2013,Baru
709,31/11/2013,Pulogadung
710,31/11/2013,Jakarta Timur
711,31/11/2013,Jakarta Utara
712,26/2/2020,Penjaringan
713,26/2/2020,Cakung Timur
714,25/2/2020,Cakung
715,25/2/2020,Cakung Timur
716,26/2/2020,Pengadegan
717,26/2/2020,Cawang
718,26/2/2020,Angke
719,26/2/2020,Krukut
720,26/2/2020,Pesanggrahan
721,26/2/2020,Cipinang
722,26/2/2020,Karet
723,25/2/2020,Baru
724,25/2/2020,Mangga Besar
725,25/2/2020,Rawamangun
726,26/2/2020,Cilincing
727,26/2/2020,Tanjung Priok
728,26/2/2020,Kembangan
729,25/2/2020,Cilincing
730,25/2/2020,Tanjung Priok
731,25/2/2020,Jakarta Utara
732,25/2/2020,Kembangan
733,25/2/2020,Jakarta Barat
734,25/2/2020,Jakarta Selatan
735,26/2/2020,Kayu Putih
736,25/2/2020,Cikini
737,25/20/2020,Manggarai
738,25/20/2020,Cikini
739,25/20/2020,Jakarta Pusat
740,26/2/2020,Senen
741,25/2/2020,Kamal
742,25/2/2020,Slipi
743,24/2/2020,Jakarta
744,24/2/2020,Bendungan Hilir
745,24/2/2020,Jakarta Pusat
746,25/2/2020,Tanjung Barat
747,25/2/2020,Senayan
748,25/2/2020,Rorotan
749,25/2/2020,Bungur
750,25/2/2020,Gunung
751,3/2/2020,Jakarta
752,3/2/2020,Jakarta Pusat
753,3/2/2020,Bungur
754,3/2/2020,Gunung
755,3/2/2020,Jakarta Barat
756,3/2/2020,Jakarta Selatan
757,3/2/2020,Jakarta Timur
758,4/2/2020,Jakarta
759,4/2/2020,Jakarta Pusat
760,4/2/2020,Bungur
761,4/2/2020,Gunung
762,4/2/2020,Jakarta Barat
763,4/2/2020,Jakarta Selatan
764,4/2/2020,Jakarta Timur
765,25/2/2020,Karet
766,25/2/2020,Gambir
767,25/2/2020,Ancol
768,25/2/2020,Senen
769,25/2/2020,Tanah Abang
770,25/2/2020,Jatinegara
771,25/2/2020,Menteng
772,25/20/2020,Mangga Besar
773,25/20/2020,Rawamangun
774,25/2/2020,Cempaka Putih
775,25/2/2020,Tambora
776,25/2/2020,Angke
777,25/2/2020,Joglo
778,25/2/2020,Kayu Putih
779,25/2/2020,Makasar
780,25/2/2020,Bambu Apus
781,25/2/2020,Cilangkap
782,25/2/2020,Cawang
783,25/2/2020,Kartini
784,25/2/2020,Harapan Mulya
785,25/2/2020,Ilir
786,25/2/2020,Dukuh
787,25/2/2020,Kalibaru
788,25/2/2020,Sumur Batu
789,25/2/2020,Udik
790,25/2/2020,Pekayon
791,17/1/2013,Jakarta Pusat
792,18/1/2013,Jakarta Pusat
793,18/1/2013,Jakarta
794,18/1/2013,Jakarta Timur
795,9/2/2015,Jakarta Pusat
796,9/2/2015,Jakarta
797,9/2/2015,Jakarta Timur
798,10/2/2015,Jakarta Pusat
799,10/2/2015,Jakarta
800,10/2/2015,Jakarta Timur
801,25/2/2020,Pulogadung
802,25/2/2020,Pulo Gadung
803,24/2/2020,Kemayoran
804,24/2/2020,Pulo Gadung
805,24/2/2020,Manggarai
806,25/2/2020,Cililitan
807,25/2/2020,Krukut
808,25/2/2020,Cibubur
809,25/2/2020,Cengkareng
810,25/2/2020,Kebon Sirih
811,25/2/2020,Pluit
812,25/2/2020,Penjaringan
813,25/2/2020,Grogol
814,25/2/2020,Bukit Duri
815,25/2/2020,Kebayoran Baru
816,25/2/2020,Kampung Melayu
817,25/2/2020,Pondok Kelapa
818,25/2/2020,Kelapa Gading
819,25/2/2020,Sukabumi Utara
820,25/2/2020,Kramatjati
821,25/2/2020,Batu Ampar
822,25/2/2020,Cempaka Putih Barat
823,25/2/2020,Rawasari
824,25/2/2020,Pinangsia
825,25/2/2020,Maphar
826,25/2/2020,Petukangan Selatan
827,25/2/2020,Koja
828,25/2/2020,Sunter Agung
829,25/2/2020,Tanah Tinggi
830,25/2/2020,Johar Baru
831,25/2/2020,Pademangan
832,25/2/2020,Pademangan Timur
833,25/2/2020,Pademangan Barat
834,25/2/2020,Harapan Mulia
835,25/2/2020,Cempaka Baru
836,25/2/2020,Pondok Kopi
837,25/2/2020,Tomang
838,25/2/2020,Pancoran
839,25/2/2020,Bendungan Hilir
840,25/2/2020,Jati
841,23/2/2020,Senayan
842,23/2/2020,Cikini
843,23/2/2020,Jakarta Pusat
844,23/2/2020,Baru
845,24/2/2020,Senayan
846,24/2/2020,Cikini
847,24/2/2020,Baru
848,25/2/2020,Kelapa Gading Timur
849,25/2/2020,Bidara Cina
850,25/2/2020,Pejaten Timur
851,25/2/2020,Pasar Minggu
852,25/2/2020,Pegadungan
853,25/2/2020,Tebet
854,25/2/2020,Tebet Barat
855,25/2/2020,Kebon Baru
856,24/2/2020,Cilincing
857,24/2/2020,Jakarta Utara
858,24/2/2020,Jakarta Timur
859,24/2/2020,Kelapa Gading
860,24/2/2020,Setiabudi
861,24/2/2020,Jakarta Selatan
862,24/2/2020,Jakarta Barat
863,23/2/2020,Jakarta Utara
864,23/2/2020,Cilincing
865,23/2/2020,Jakarta Timur
866,23/2/2020,Cipinang Melayu
867,23/2/2020,Jakarta Barat
868,23/2/2020,Jakarta Selatan
869,23/2/2020,Menteng
870,23/2/2020,Kampung Melayu
871,23/2/2020,Penggilingan
872,23/2/2020,Cililitan
873,23/2/2020,Utan Kayu Utara
874,23/2/2020,Utan Kayu Selatan
875,23/2/2020,Pal Meriam
876,23/2/2020,Kebon Pala
877,23/2/2020,Jati
878,23/2/2020,Pulo
879,23/2/2020,Petamburan
880,23/2/2020,Johar Baru
881,23/2/2020,Rawasari
882,23/2/2020,Kenari
883,23/2/2020,Gunung Sahari Selatan
884,23/2/2020,Karet Semanggi
885,23/2/2020,Manggarai Selatan
886,23/2/2020,Cikoko
887,23/2/2020,Kebon Melati
888,23/2/2020,Bendungan Hilir
889,23/2/2020,Pasar Baru
890,23/2/2020,Kebon Sirih
891,23/2/2020,Kramat
892,23/2/2020,Serdang
893,23/2/2020,Cempaka Baru
894,23/2/2020,Rorotan
895,23/2/2020,Sukapura
896,23/2/2020,Kelapa Gading Barat
897,23/2/2020,Kelapa Gading Timur
898,23/2/2020,Pegangsaan Dua
899,23/2/2020,Semper Barat
900,23/2/2020,Penjaringan
901,23/2/2020,Kapuk Muara
902,23/2/2020,Tugu Utara
903,23/2/2020,Rawa Badak Selatan
904,23/2/2020,Kapuk
905,23/2/2020,Kembangan Selatan
906,23/2/2020,Kembangan Utara
907,23/2/2020,Guntur
908,23/2/2020,Pasar Manggis
909,23/2/2020,Manggarai
910,23/2/2020,Mampang Prapatan
911,23/2/2020,Ragunan
912,23/2/2020,Pengadegan
913,23/2/2020,Duren Tiga
914,23/2/2020,Kebon Baru
915,23/2/2020,Rawa Bunga
916,23/2/2020,Cakung Timur
917,23/2/2020,Cawang
918,23/2/2020,Batu Ampar
919,23/2/2020,Rawamangun
920,23/2/2020,Pisangan Timur
921,23/2/2020,Pulogadung
922,23/2/2020,Pondok Bambu
923,23/2/2020,Klender
924,23/2/2020,Cipinang Cempedak
925,23/2/2020,Bidara Cina
926,23/2/2020,Rawa Terate
927,23/2/2020,Jatinegara
928,23/2/2020,Kayu Putih
929,23/2/2020,Pisangan Baru
930,23/2/2020,Duren Sawit
931,23/2/2020,Pinang Ranti
932,23/2/2020,Makasar
933,23/2/2020,Cakung
934,23/2/2020,Kemayoran
935,23/2/2020,Cempaka Putih
936,23/2/2020,Cempaka Putih Barat
937,23/2/2020,Pulo Gadung
938,23/2/2020,Kelapa Gading
939,23/2/2020,Setiabudi
940,23/2/2020,Karet
941,23/2/2020,Cideng
942,23/2/2020,Pasar Minggu
943,23/2/2020,Lebak Bulus
944,23/02/2020,Jakarta
945,23/02/2020,Cempaka Putih
946,23/02/2020,Jakarta Pusat
947,23/02/2020,Jakarta Utara
948,23/02/2020,Rawamangun
949,23/02/2020,Cempaka Putih Barat
950,23/02/2020,Kebon Melati
951,23/02/2020,Bendungan Hilir
952,23/02/2020,Pasar Baru
953,23/02/2020,Kebon Sirih
954,23/02/2020,Kramat
955,23/02/2020,Serdang
956,23/02/2020,Cempaka Baru
957,23/02/2020,Rorotan
958,23/02/2020,Sukapura
959,23/02/2020,Kelapa Gading Barat
960,23/02/2020,Kelapa Gading Timur
961,23/02/2020,Pegangsaan Dua
962,23/02/2020,Cilincing
963,23/02/2020,Semper Barat
964,23/02/2020,Penjaringan
965,23/02/2020,Kapuk Muara
966,23/02/2020,Tugu Utara
967,23/02/2020,Rawa Badak Selatan
968,23/02/2020,Jakarta Barat
969,23/02/2020,Kapuk
970,23/02/2020,Kembangan Selatan
971,23/02/2020,Kembangan Utara
972,23/02/2020,Jakarta Selatan
973,23/02/2020,Guntur
974,23/02/2020,Pasar Manggis
975,23/02/2020,Manggarai
976,23/02/2020,Mampang Prapatan
977,23/02/2020,Ragunan
978,23/02/2020,Pengadegan
979,23/02/2020,Duren Tiga
980,23/02/2020,Kebon Baru
981,23/02/2020,Jakarta Timur
982,23/02/2020,Rawa Bunga
983,23/02/2020,Cakung Timur
984,23/02/2020,Cawang
985,23/02/2020,Batu Ampar
986,23/02/2020,Pisangan Timur
987,23/02/2020,Pulogadung
988,23/02/2020,Pondok Bambu
989,23/02/2020,Klender
990,23/02/2020,Cipinang Melayu
991,23/02/2020,Cipinang Cempedak
992,23/02/2020,Bidara Cina
993,23/02/2020,Rawa Terate
994,23/02/2020,Jatinegara
995,23/02/2020,Kayu Putih
996,23/02/2020,Pisangan Baru
997,23/02/2020,Duren Sawit
998,23/02/2020,Pinang Ranti
999,23/02/2020,Makasar
1000,23/02/2020,Cakung
1001,23/02/2020,Pulo Gadung
1002,23/02/2020,Kelapa Gading
1003,23/02/2020,Setiabudi
1004,23/02/2020,Kemayoran
1005,23/02/2020,Karet
1006,23/02/2020,Cideng
1007,23/02/2020,Pasar Minggu
1008,23/02/2020,Lebak Bulus
1009,23/02/2020,Cikini
1010,23/02/2020,Senayan
1011,23/02/2020,Menteng
1012,23/2/2020,Pegangsaan
1013,23/2/2020,Tegal Alur
1014,23/02/2020,Petamburan
1015,23/02/2020,Johar Baru
1016,23/02/2020,Rawasari
1017,23/02/2020,Gunung Sahari Selatan
1018,23/02/2020,Kenari
1019,23/02/2020,Pegangsaan
1020,23/02/2020,Tegal Alur
1021,23/02/2020,Jati
1022,23/02/2020,Pulo
1023,23/02/2020,Karet Semanggi
1024,23/02/2020,Kampung Melayu
1025,23/02/2020,Penggilingan
1026,23/02/2020,Utan Kayu Utara
1027,23/02/2020,Kebon Pala
1028,23/02/2020,Utan Kayu Selatan
1029,22/2/2020,Jakarta
1030,22/2/2020,Pasar Minggu
1031,22/2/2020,Cempaka Putih Barat
1032,23/2/2020,Karet Tengsin
1033,23/2/2020,Matraman
1034,23/2/2020,Senen
1035,23/2/2020,Angke
1036,23/2/2020,Tanah Abang
1037,1/1/2020,Cipinang
1038,1/1/2020,Jakarta Timur
1039,1/1/2020,Jakarta
1040,1/1/2020,Cipinang Besar Utara
1041,1/1/2020,Jatinegara
1042,1/1/2020,Duren Sawit
1043,23/2/2020,Cipinang
1044,23/2/2020,Cipinang Besar Utara
1045,23/2/2020,Tanjung Priok
1046,23/2/2020,Tebet
1047,21/2/2020,Jakarta
1048,21/2/2020,Jakarta Pusat
1049,21/2/2020,Rawajati
1050,21/2/2020,Pancoran
1051,21/2/2020,Jakarta Selatan
1052,20/2/2020,Jakarta Timur
1053,20/2/2020,Jakarta Selatan
1054,20/2/2020,Manggarai
1055,20/2/2020,Kampung Melayu
1056,20/2/2020,Pancoran
1057,20/2/2020,Cawang
1058,20/2/2020,Jakarta Barat
1059,20/2/2020,Rawajati
1060,20/2/2020,Bidara Cina
1061,20/2/2020,Pulo
1062,20/2/2020,Gunung
1063,20/2/2020,Pesanggrahan
1064,20/2/2020,Kramat
1065,20/2/2020,Jakarta Utara
1066,20/2/2020,Kapuk Muara
1067,20/2/2020,Kamal
1068,20/2/2020,Pegadungan
1069,20/2/2020,Semanan
1070,20/2/2020,Rawa Buaya
1071,20/2/2020,Kedaung Kali Angke
1072,20/2/2020,Kapuk
1073,20/2/2020,Cengkareng Barat
1074,20/2/2020,Duri Kosambi
1075,20/2/2020,Kedoya Selatan
1076,20/2/2020,Angke
1077,20/2/2020,Pejaten Timur
1078,20/2/2020,Rawa Terate
1079,20/2/2020,Kebon Pala
1080,29/02/2020,Jakarta
1081,29/02/2020,Gunung
1082,20/2/2020,Kalideres
1083,20/2/2020,Cakung
1084,20/2/2020,Kemayoran
1085,16/2/2020,Jakarta
1086,16/2/2020,Senayan
1087,16/2/2020,Jakarta Pusat
1088,17/2/2020,Jakarta
1089,17/2/2020,Palmerah
1090,17/2/2020,Grogol
1091,17/2/2020,Jakarta Selatan
1092,17/2/2020,Cengkareng
1093,17/2/2020,Cakung
1094,17/2/2020,Senayan
1095,17/2/2020,Gunung
1096,11/2/2020,Gunung
1097,11/2/2020,Jakarta
1098,16/2/2020,Pluit
1099,16/2/2020,Pulo
1100,16/2/2020,Pesanggrahan
1101,16/2/2020,Angke
1102,16/2/2020,Jakarta Selatan
1103,16/2/2020,Jakarta Utara
1104,16/2/2020,Krukut
1105,16/2/2020,Menteng
1106,16/2/2020,Marunda
1107,16/2/2020,Kelapa Gading
1108,29/11/2016,Jakarta
1109,29/11/2016,Senayan
1110,29/11/2016,Jakarta Selatan
1111,29/11/2016,Jakarta Utara
1112,29/11/2016,Krukut
1113,29/11/2016,Pluit
1114,29/11/2016,Menteng
1115,29/11/2016,Jakarta Pusat
1116,29/11/2016,Marunda
1117,29/11/2016,Kelapa Gading
1118,16/2/2020,Kebon Pala
1119,16/2/2020,Kampung Melayu
1120,10/2/2020,Ancol
1121,10/2/2020,Jakarta
1122,10/2/2020,Jakarta Utara
1123,9/2/2020,Jakarta
1124,9/2/2020,Kemayoran
1125,9/2/2020,Jakarta Pusat
1126,9/2/2020,Ragunan
1127,9/2/2020,Jakarta Selatan
1128,9/2/2020,Jakarta Utara
1129,9/2/2020,Jakarta Barat
1130,9/2/2020,Jakarta Timur
1131,8/2/2020,Jakarta
1132,8/2/2020,Ragunan
1133,8/2/2020,Jakarta Selatan
1134,8/2/2020,Jakarta Pusat
1135,8/2/2020,Jakarta Utara
1136,8/2/2020,Jakarta Barat
1137,8/2/2020,Jakarta Timur
1138,8/2/2020,Kemayoran
1139,7/2/2020,Jakarta
1140,7/2/2020,Ragunan
1141,7/2/2020,Jakarta Selatan
1142,7/2/2020,Pulo
1143,7/2/2020,Jakarta Timur
1144,7/2/2020,Kemayoran
1145,7/2/2020,Jakarta Pusat
1146,7/2/2020,Jakarta Utara
1147,7/2/2020,Jakarta Barat
1148,8/2/2020,Pulo
1149,9/2/2020,Pulo
1150,8/2/2020,Jati
1151,8/2/2020,Kramat
1152,8/2/2020,Baru
1153,8/2/2020,Pasar Minggu
1154,8/2/2020,Cempaka Putih
1155,8/2/2020,Sumur Batu
1156,8/2/2020,Pulogadung
1157,8/2/2020,Kampung Melayu
1158,8/2/2020,Tanjung Priok
1159,8/2/2020,Manggarai
1160,8/2/2020,Gambir
1161,8/2/2020,Pancoran
1162,8/2/2020,Kelapa Gading
1163,8/2/2020,Cilincing
1164,8/2/2020,Pluit
1165,8/2/2020,Jatinegara
1166,7/2/2020,Pasar Minggu
1167,7/2/2020,Cempaka Putih
1168,7/2/2020,Sumur Batu
1169,7/2/2020,Pulogadung
1170,7/2/2020,Kampung Melayu
1171,7/2/2020,Tanjung Priok
1172,7/2/2020,Manggarai
1173,7/2/2020,Gambir
1174,7/2/2020,Baru
1175,7/2/2020,Pancoran
1176,7/2/2020,Kelapa Gading
1177,7/2/2020,Cilincing
1178,7/2/2020,Pluit
1179,7/2/2020,Jatinegara
1180,8/2/2020,Rawamangun
1181,8/2/2020,Bungur
1182,8/2/2020,Marunda
1183,8/2/2020,Rorotan
1184,8/2/2020,Semper Barat
1185,8/2/2020,Semper Timur
1186,8/2/2020,Kelapa Gading Barat
1187,8/2/2020,Kelapa Gading Timur
1188,8/2/2020,Pegangsaan Dua
1189,8/2/2020,Rawa Badak Selatan
1190,8/2/2020,Rawa Badak Utara
1191,8/2/2020,Tugu Selatan
1192,8/2/2020,Tugu Utara
1193,8/2/2020,Koja
1194,8/2/2020,Pademangan
1195,8/2/2020,Ancol
1196,8/2/2020,Pademangan Barat
1197,8/2/2020,Penjaringan
1198,8/2/2020,Kamal Muara
1199,8/2/2020,Kapuk Muara
1200,8/2/2020,Pejagalan
1201,8/2/2020,Kebon Bawang
1202,8/2/2020,Papanggo
1203,8/2/2020,Sunter Agung
1204,8/2/2020,Sunter Jaya
1205,8/2/2020,Warakas
1206,8/2/2020,Cengkareng
1207,8/2/2020,Cengkareng Barat
1208,8/2/2020,Cengkareng Timur
1209,8/2/2020,Duri Kosambi
1210,8/2/2020,Kapuk
1211,8/2/2020,Kedaung Kali Angke
1212,8/2/2020,Rawa Buaya
1213,8/2/2020,Grogol Petamburan
1214,8/2/2020,Grogol
1215,8/2/2020,Jelambar
1216,8/2/2020,Jelambar Baru
1217,8/2/2020,Tanjung Duren Selatan
1218,8/2/2020,Tanjung Duren Utara
1219,8/2/2020,Tomang
1220,8/2/2020,Cibubur
1221,8/2/2020,Cipinang Melayu
1222,8/2/2020,Johar Baru
1223,8/2/2020,Galur
1224,8/2/2020,Petamburan
1225,8/2/2020,Tanah Abang
1226,8/2/2020,Cempaka Baru
1227,8/2/2020,Gunung Sahari Selatan
1228,8/2/2020,Harapan Mulya
1229,8/2/2020,Kebon Kosong
1230,8/2/2020,Serdang
1231,8/2/2020,Utan Panjang
1232,8/2/2020,Pejaten Timur
1233,8/2/2020,Pondok Labu
1234,8/2/2020,Cawang
1235,8/2/2020,Petogogan
1236,8/2/2020,Kartini
1237,7/2/2020,Marunda
1238,7/2/2020,Rorotan
1239,7/2/2020,Semper Barat
1240,7/2/2020,Semper Timur
1241,7/2/2020,Kelapa Gading Barat
1242,7/2/2020,Kelapa Gading Timur
1243,7/2/2020,Pegangsaan Dua
1244,7/2/2020,Rawa Badak Selatan
1245,7/2/2020,Rawa Badak Utara
1246,7/2/2020,Tugu Selatan
1247,7/2/2020,Tugu Utara
1248,7/2/2020,Koja
1249,7/2/2020,Pademangan
1250,7/2/2020,Ancol
1251,7/2/2020,Pademangan Barat
1252,7/2/2020,Penjaringan
1253,7/2/2020,Kamal Muara
1254,7/2/2020,Kapuk Muara
1255,7/2/2020,Pejagalan
1256,7/2/2020,Kebon Bawang
1257,7/2/2020,Papanggo
1258,7/2/2020,Sunter Agung
1259,7/2/2020,Sunter Jaya
1260,7/2/2020,Warakas
1261,7/2/2020,Cengkareng
1262,7/2/2020,Cengkareng Barat
1263,7/2/2020,Cengkareng Timur
1264,7/2/2020,Duri Kosambi
1265,7/2/2020,Kapuk
1266,7/2/2020,Kedaung Kali Angke
1267,7/2/2020,Rawa Buaya
1268,7/2/2020,Grogol Petamburan
1269,7/2/2020,Grogol
1270,7/2/2020,Jelambar
1271,7/2/2020,Jelambar Baru
1272,7/2/2020,Tanjung Duren Selatan
1273,7/2/2020,Tanjung Duren Utara
1274,7/2/2020,Tomang
1275,7/2/2020,Cibubur
1276,7/2/2020,Cipinang Melayu
1277,7/2/2020,Johar Baru
1278,7/2/2020,Galur
1279,7/2/2020,Petamburan
1280,7/2/2020,Tanah Abang
1281,7/2/2020,Cempaka Baru
1282,7/2/2020,Gunung Sahari Selatan
1283,7/2/2020,Harapan Mulya
1284,7/2/2020,Kebon Kosong
1285,7/2/2020,Serdang
1286,7/2/2020,Utan Panjang
1287,7/2/2020,Pejaten Timur
1288,7/2/2020,Pondok Labu
1289,7/2/2020,Cawang
1290,7/2/2020,Petogogan
1291,7/2/2020,Kartini
1292,8/2/2020,Gunung
1293,8/2/2020,Cililitan
1294,8/2/2020,Pulo Gadung
1295,2/2/2020,Jakarta
1296,2/2/2020,Kemayoran
1297,2/2/2020,Jakarta Pusat
1298,7/2/20,Jakarta
1299,7/2/202,Jakarta
1300,4/2/2020,Kemayoran
1301,4/2/2020,Cawang
1302,3/2/2020,Jakarta Utara
1303,3/2/2020,Kemayoran
1304,3/2/2020,Pluit
1305,2/2/2020,Pluit
1306,3/2/2020,Cengkareng Timur
1307,3/2/2020,Cengkareng
1308,2/2/2020,Ancol
1309,26/1/2020,Kemayoran
1310,26/1/2020,Jakarta
1311,26/1/2020,Jakarta Pusat
1312,26/1/2020,Ancol
1313,2/2/2020,Bungur
1314,2/2/2020,Kramat
1315,2/2/2020,Senen
1316,2/2/2020,Gunung
1317,2/2/2020,Jakarta Utara
1318,2/2/2020,Kelapa Gading
1319,2/2/2020,Tanjung Priok
1320,2/2/2020,Kepulauan Seribu
1321,2/2/2020,Jakarta Barat
1322,31/1/2020,Jakarta
1323,31/1/2020,Karet
1324,31/1/2020,Manggarai
1325,31/1/2020,Jakarta Pusat
1326,31/1/2020,Pesanggrahan
1327,31/1/2020,Cipinang
1328,8/1/2020,Jakarta
1329,8/1/2020,Karet
1330,8/1/2020,Manggarai
1331,8/1/2020,Jakarta Pusat
1332,8/1/2020,Pesanggrahan
1333,8/1/2020,Cipinang
1334,1/2/2020,Jakarta
1335,30/1/2020,Jakarta
1336,31/1/2020,Cibubur
1337,31/1/2020,Cakung
1338,27/1/2020,Senayan
1339,27/1/2020,Jakarta
1340,927/1/2020,Jakarta
1341,927/1/2020,Jakarta Pusat
1342,927/1/2020,Baru
1343,27/1/2020,Kemayoran
1344,27/1/2020,Jakarta Pusat
1345,24/1/2020,Kemayoran
1346,24/1/2020,Jakarta
1347,24/1/2020,Jakarta Pusat
1348,25/1/2020,Kemayoran
1349,25/1/2020,Jakarta
1350,25/1/2020,Jakarta Pusat
1351,26/1/2020,Jakarta Utara
1352,26/1/2020,Cililitan
1353,26/1/2020,Kramat Jati
1354,26/1/2020,Jakarta Timur
1355,24/1/2020,Jakarta Utara
1356,24/1/2020,Marunda
1357,24/1/2020,Rorotan
1358,24/1/2020,Semper Timur
1359,24/1/2020,Pademangan Timur
1360,24/1/2020,Pademangan
1361,24/1/2020,Gambir
1362,24/1/2020,Jakarta Barat
1363,24/1/2020,Jakarta Timur
1364,24/1/2020,Cawang
1365,24/1/2020,Kramat Jati
1366,24/1/2020,Jakarta Selatan
1367,24/1/2020,Tebet
1368,24/1/2020,Setiabudi
1369,24/1/2020,Rawamangun
1370,24/1/2020,Cililitan
1371,24/1/2020,Sunter Jaya
1372,24/1/2020,Kelapa Gading
1373,24/1/2020,Penjaringan
1374,24/1/2020,Senen
1375,24/1/2020,Senayan
1376,24/1/2020,Tanah Abang
1377,24/1/2020,Sungai Bambu
1378,24/1/2020,Tanjung Priok
1379,24/1/2020,Kebon Bawang
1380,24/1/2020,Kali Baru
1381,24/1/2020,Cilincing
1382,24/1/2020,Bungur
1383,24/1/2020,Semper Barat
1384,24/1/2020,Pluit
1385,24/1/2020,Cakung
1386,24/1/2020,Pinang Ranti
1387,24/1/2020,Grogol
1388,24/1/2020,Pancoran
1389,23/1/2020,Senayan
1390,22/1/2010,Jakarta
1391,22/1/2010,Semanan
1392,22/1/2020,Jakarta
1393,22/1/2020,Gondangdia
1394,22/1/2020,Semanan
1395,22/1/2020,Senayan
1396,20/1/2020,Jakarta
1397,20/1/2020,Jakarta Selatan
1398,19/1/2020,Jakarta
1399,18/1/2020,Kebayoran Lama
1400,18/1/2020,Jakarta Selatan
1401,18/1/2020,Jakarta
1402,18/1/2020,Rawajati
1403,18/1/2020,Pancoran
1404,18/1/2019,Jakarta
1405,18/1/2019,Grogol Utara
1406,18/1/2019,Kebayoran Lama
1407,18/1/2019,Jakarta Selatan
1408,18/1/2020,Jakarta Pusat
1409,18/1/2020,Jakarta Barat
1410,18/1/2020,Jakarta Timur
1411,18/1/2020,Kebayoran Lama Utara
1412,18/1/2020,Grogol Utara
1413,18/1/2020,Karet Kuningan
1414,18/1/2020,Karet Semanggi
1415,18/1/2020,Kuningan Timur
1416,18/1/2020,Cikini
1417,18/1/2020,Pinangsia
1418,18/1/2020,Kebon Jeruk
1419,18/1/2020,Tanjung Duren Utara
1420,18/1/2020,Bangka
1421,18/1/2020,Mampang Prapatan
1422,18/1/2020,Manggarai
1423,18/1/2020,Gondangdia
1424,18/1/2020,Grogol
1425,18/1/2020,Jati
1426,18/1/2020,Pulo
1427,18/1/2020,Karet Tengsin
1428,18/1/2020,Bambu Selatan
1429,18/1/2020,Bambu Utara
1430,18/1/2020,Menteng
1431,18/1/2020,Petamburan
1432,18/1/2020,Tomang
1433,18/1/2020,Slipi
1434,18/1/2020,Cipulir
1435,18/1/2020,Jatipulo
1436,17/1/2020,Jakarta
1437,17/1/2020,Jakarta Pusat
1438,17/1/2020,Cipinang
1439,17/1/2020,Cakung
1440,17/1/2020,Cengkareng
1441,17/1/2020,Pluit
1442,17/1/2020,Setiabudi
1443,17/1/2020,Tomang
1444,17/1/2020,Grogol
1445,17/1/2020,Cideng
1446,17/1/2020,Krukut
1447,16/1/2020,Jakarta
1448,16/1/2019,Jakarta
1449,15/1/2020,Jakarta
1450,14/1/2020,Bungur
1451,13/2/2018,Bidara Cina
1452,13/2/2018,Jatinegara
1453,13/2/2018,Jakarta Timur
1454,13/2/2018,Jakarta
1455,13/2/2018,Jakarta Pusat
1456,19/9/2019,Bidara Cina
1457,19/9/2019,Jatinegara
1458,19/9/2019,Jakarta Timur
1459,19/9/2019,Jakarta
1460,19/9/2019,Jakarta Pusat
1461,3/1/2020,Bidara Cina
1462,3/1/2020,Jatinegara
1463,3/1/2020,Jakarta Timur
1464,3/1/2020,Jakarta
1465,3/1/2020,Jakarta Pusat
1466,13/1/2020,Bidara Cina
1467,13/1/2020,Jatinegara
1468,13/1/2020,Jakarta Timur
1469,13/1/2020,Jakarta
1470,13/1/2020,Jakarta Pusat
1471,14/1/2020,Bidara Cina
1472,14/1/2020,Jatinegara
1473,13/1/2020,Cengkareng
1474,13/1/2020,Jakarta Barat
1475,13/1/2020,Angke
1476,13/1/2020,Kapuk
1477,13/1/2020,Bungur
1478,13/1/2020,Jakarta Utara
1479,13/1/2020,Jakarta Selatan
1480,12/1/2020,Duri Kosambi
1481,12/1/2020,Cengkareng
1482,12/1/2020,Jakarta Barat
1483,12/1/2020,Jakarta
1484,12/1/2020,Koja
1485,11/1/2020,Jakarta
1486,11/1/2020,Cipinang
1487,11/1/2020,Senen
1488,11/1/2020,Jakarta Pusat
1489,10/1/2020,Jakarta
1490,10/1/2020,Semper Barat
1491,10/1/2020,Kemayoran
1492,10/1/2020,Jakarta Pusat
1493,9/1/2020,Jakarta
1494,9/1/2020,Jakarta Pusat
1495,31/12/2019,Jakarta
1496,31/12/2019,Jakarta Pusat
1497,22/12/2019,Jakarta Pusat
1498,22/12/2019,Jakarta
1499,8/1/2019,Jakarta
1500,8/1/2019,Sumur Batu
1501,8/1/2019,Kartini
1502,8/1/2020,Kemayoran
1503,8/1/2020,Sumur Batu
1504,8/1/2020,Kartini
1505,8/1/2020,Baru
1506,8/1/2020,Bangka
1507,7/1/2020,Bukit Duri
1508,7/1/2020,Jakarta Selatan
1509,7/1/2020,Jakarta
1510,7/1/2020,Semanan
1511,7/1/2020,Kalideres
1512,7/1/2020,Jakarta Barat
1513,7/1/2020,Jakarta Timur
1514,7/1/2020,Slipi
1515,7/1/2020,Jakarta Pusat
1516,7/1/2020,Gambir
1517,6/1/2020,Manggarai
1518,6/1/2020,Rawa Buaya
1519,6/1/2020,Jakarta
1520,1/1/2020,Jakarta Selatan
1521,1/1/2020,Duren Tiga
1522,1/1/2020,Pancoran
1523,1/1/2020,Rawa Buaya
1524,1/1/2020,Cengkareng
1525,1/1/2020,Jakarta Barat
1526,1/1/2020,Grogol
1527,1/1/2020,Makasar
1528,3/12/2019,Jakarta Selatan
1529,3/12/2019,Duren Tiga
1530,3/12/2019,Pancoran
1531,3/12/2019,Jakarta
1532,3/12/2019,Rawa Buaya
1533,3/12/2019,Cengkareng
1534,3/12/2019,Jakarta Barat
1535,3/12/2019,Grogol
1536,3/12/2019,Makasar
1537,3/12/2019,Jakarta Timur
1538,6/1/2020,Baru
1539,6/1/2020,Cilincing
1540,23/12/2019,Baru
1541,23/12/2019,Jakarta
1542,23/12/2019,Cilincing
1543,3/1/2020,Baru
1544,3/1/2020,Cilincing
1545,6/1/2019,Jakarta
1546,6/1/2019,Kebon Sirih
1547,6/1/2020,Tanjung Barat
1548,6/1/2020,Pejaten Timur
1549,6/1/2020,Cililitan
1550,6/1/2020,Balekambang
1551,6/1/2020,Jakarta Pusat
1552,6/1/2020,Senayan
1553,5/1/2020,Jakarta Timur
1554,5/1/2020,Jakarta Barat
1555,5/1/2020,Jakarta Selatan
1556,5/1/2020,Jakarta Utara
1557,5/1/2020,Jakarta
1558,4/1/2020,Jakarta Timur
1559,4/1/2020,Jakarta Barat
1560,4/1/2020,Jakarta Selatan
1561,4/1/2020,Jakarta Utara
1562,4/1/2020,Jakarta
1563,5/1/2020,Pondok Pinang
1564,5/1/2020,Makasar
1565,1/1/2020,Jakarta Pusat
1566,1/1/2020,Kampung Melayu
1567,1/1/2020,Pulo
1568,1/1/2020,Pengadegan
1569,2/1/2020,Kampung Melayu
1570,2/1/2020,Rawa Buaya
1571,2/1/2020,Cengkareng
1572,2/1/2020,Jakarta Barat
1573,2/1/2020,Pengadegan
1574,2/1/2020,Pancoran
1575,5/1/2020,Cengkareng
1576,5/1/2020,Rawa Buaya
1577,5/1/2020,Kalibaru
1578,4/1/2020,Bidara Cina
1579,4/1/2020,Pengadegan
1580,4/1/2020,Pesanggrahan
1581,4/1/2020,Pancoran
1582,4/1/2020,Pulo
1583,4/1/2020,Kalideres
1584,4/1/2020,Bukit Duri
1585,4/1/2020,Tebet
1586,1/1/2020,Bukit Duri
1587,1/1/2020,Tebet
1588,1/1/2020,Manggarai
1589,4/1/2020,Kalibata
1590,4/1/2020,Jakarta Pusat
1591,4/1/2020,Manggarai
1592,4/1/2020,Karet
1593,04/01/2020,Cengkareng
1594,04/01/2020,Jakarta Barat
1595,04/01/2020,Jakarta
1596,04/01/2020,Rawa Buaya
1597,4/1/2020,Cengkareng
1598,4/1/2020,Rawa Buaya
1599,3/1/2020,Tanjung Priok
1600,3/1/2019,Jakarta
1601,4/2/2020,Cipinang
1602,4/2/2020,Senayan
1603,3/2/2020,Penjaringan
1604,3/1/2020,Pluit
1605,3/1/2020,Cideng
1606,3/1/2020,Pasar Baru
1607,3/1/2020,Jakarta Utara
1608,3/1/2020,Penjaringan
1609,3/1/2020,Jakarta Barat
1610,3/1/2019,Cengkareng
1611,3/1/2019,Jakarta Barat
1612,31/12/2019,Jakarta Timur
1613,3/1/2020,Kembangan
1614,03/01/2020,Sukapura
1615,03/01/2020,Cilincing
1616,03/01/2020,Jakarta Utara
1617,03/01/2020,Jakarta
1618,3/1/2020,Rawa Buaya
1619,3/1/2020,Cengkareng
1620,3/1/2020,Cipinang Melayu
1621,3/1/2020,Senayan
1622,3/1/2020,Jakarta Selatan
1623,3/1/2020,Pulo
1624,16/8/2019,Jakarta
1625,16/8/2019,Senayan
1626,16/8/2019,Jakarta Selatan
1627,16/8/2019,Pulo
1628,16/8/2019,Jakarta Timur
1629,20/10/2019,Jakarta
1630,20/10/2019,Senayan
1631,20/10/2019,Jakarta Selatan
1632,20/10/2019,Pulo
1633,20/10/2019,Jakarta Timur
1634,14/12/2019,Jakarta
1635,14/12/2019,Senayan
1636,14/12/2019,Jakarta Selatan
1637,14/12/2019,Pulo
1638,14/12/2019,Jakarta Timur
1639,2/1/2020,Senayan
1640,2/1/2020,Jakarta Selatan
1641,3/1/2019,Pengadegan
1642,3/1/2019,Jakarta Selatan
1643,3/1/2019,Pancoran
1644,3/1/2020,Kembangan Selatan
1645,3/1/2020,Matraman
1646,31/12/2019,Matraman
1647,1/1/2020,Matraman
1648,2/1/2019,Jakarta
1649,2/1/2019,Guntur
1650,2/1/2020,Guntur
1651,2/1/2020,Manggarai
1652,2/1/2020,Tanjung Priok
1653,2/1/2020,Cilincing
1654,2/1/2020,Pejagalan
1655,2/1/2020,Kalideres
1656,2/1/2020,Duri Kosambi
1657,2/1/2020,Baru
1658,2/1/2020,Gunung
1659,2/1/2020,Bungur
1660,2/1/2020,Pasar Baru
1661,2/1/2020,Senen
1662,2/1/2020,Ancol
1663,2/1/2020,Kemayoran
1664,2/1/2020,Cipinang Melayu
1665,2/1/2020,Kelapa Gading
1666,2/2/2020,Jatinegara
1667,2/2/2020,Jakarta Timur
1668,2/2/2020,Tebet
1669,2/2/2020,Kampung Melayu
1670,2/2/2020,Bidara Cina
1671,2/2/2020,Cipinang Melayu
1672,2/2/2020,Kayu Putih
1673,2/2/2020,Halim Perdana Kusuma
1674,1/1/2019,Jakarta
1675,1/1/2019,Manggarai
1676,1/1/2019,Jakarta Selatan
1677,17/12/2019,Jakarta
1678,17/12/2019,Pluit
1679,18/12/2019,Jakarta
1680,18/12/2019,Pluit
1681,31/12/2019,Pluit
1682,1/1/2020,Pluit
1683,1/1/2020,Kramat
1684,1/1/2020,Baru
1685,1/1/2020,Cipinang Melayu
1686,1/1/2020,Jati
1687,1/1/2020,Kemayoran
1688,1/1/2020,Tanah Sereal
1689,1/1/2019,Cipinang Melayu
1690,1/1/2019,Jakarta Timur
1691,1/1/2019,Jati
1692,1/1/2019,Baru
1693,1/1/2019,Kemayoran
1694,1/1/2019,Jakarta Pusat
1695,1/1/2019,Tanah Sereal
1696,1/1/2019,Makasar
1697,1/1/2019,Grogol
1698,1/1/2019,Kampung Melayu
1699,1/1/2020,Mampang Prapatan
1700,1/1/2020,Kebayoran Baru
1701,1/1/2020,Cilandak Barat
1702,1/1/2020,Tanah Abang
1703,1/1/2020,Senen
1704,1/1/2020,Gambir
1705,1/1/2020,Duri Kosambi
1706,1/1/2020,Kebon Jeruk
1707,1/1/2020,Sawah Besar
1708,1/1/2020,Cempaka Putih
1709,1/1/2020,Pulogadung
1710,1/1/2020,Ancol
1711,1/1/2020,Gunung
1712,1/1/2020,Pademangan
1713,1/1/2020,Bendungan Hilir
1714,1/1/2020,Kelapa Gading Timur
1715,1/1/2020,Jakarta Utara
1716,1/1/2020,Cengkareng Barat
1717,31/12/2019,Ancol
1718,31/12/2019,Gunung
1719,31/12/2019,Pademangan
1720,31/12/2019,Bendungan Hilir
1721,31/12/2019,Tanah Abang
1722,31/12/2019,Cempaka Putih
1723,31/12/2019,Kelapa Gading Timur
1724,31/12/2019,Jakarta Utara
1725,31/12/2019,Cengkareng Barat
1726,31/12/2019,Jakarta Barat
1727,31/12/2019,Pulogadung
1728,1/1/2019,Kayu Putih
1729,1/1/2019,Kelapa Gading
1730,1/1/2019,Rawamangun
1731,1/1/2019,Duren Tiga
1732,1/1/2019,Pancoran
1733,1/1/2019,Bendungan Hilir
1734,1/1/2019,Halim Perdana Kusuma
1735,1/1/2019,Srengseng
1736,1/1/2019,Jakarta Barat
1737,1/1/2019,Joglo
1738,1/1/2019,Cengkareng
1739,1/1/2019,Petamburan
1740,1/1/2019,Rawajati
1741,1/1/2019,Pasar Minggu
1742,1/1/2020,Kayu Putih
1743,1/1/2020,Kelapa Gading
1744,1/1/2020,Rawamangun
1745,1/1/2020,Halim Perdana Kusuma
1746,1/1/2020,Srengseng
1747,1/1/2020,Joglo
1748,1/1/2020,Petamburan
1749,1/1/2020,Rawajati
1750,1/1/2020,Pasar Minggu
1751,1/1/2019,Pulogadung
1752,1/1/2019,Dukuh
1753,1/1/2019,Matraman
1754,1/1/2019,Kalideres
1755,1/1/2019,Pasar Baru
1756,1/1/2019,Ragunan
1757,1/1/2019,Lebak Bulus
1758,1/1/2019,Pinang Ranti
1759,1/1/2019,Pluit
1760,1/1/2019,Tanjung Priok
1761,1/1/2019,Cawang
1762,1/1/2020,Karet
1763,1/1/2020,Krukut
1764,1/1/2020,Pesanggrahan
1765,1/1/2020,Angke
1766,1/1/2020,Pulo Gadung
1767,1/1/2020,Tanjung Priok
1768,1/1/2020,Kelapa Gading Barat
1769,1/1/2020,Pondok Labu
1770,1/1/2020,Senayan
1771,1/1/2020,Tomang
1772,31/12/2019,Cipinang
1773,31/12/2019,Petamburan
1774,1/1/2020,Pondok Kelapa
1775,1/1/2020,Gedong
1776,1/1/2020,Pasar Rebo
1777,1/1/2020,Kampung Tengah
1778,1/1/2020,Kramat Jati
1779,1/1/2019,Tomang
1780,1/1/2019,Kapuk
1781,31/12/2019,Jatinegara
1782,27/12/2019,Jakarta
1783,27/12/2019,Setiabudi
1784,23/12/2019,Jakarta Selatan
1785,23/12/2019,Cawang
1786,23/12/2019,Jakarta Timur
1787,21/12/2019,Jakarta
1788,20/12/2019,Jakarta
1789,10/12/2019,Jakarta
1790,18/12/2019,Jakarta Selatan
1791,18/12/2019,Jakarta Pusat
1792,18/12/2019,Senayan
1793,18/12/2019,Jakarta Timur
1794,18/12/2019,Jakarta Barat
1795,15/12/2019,Jakarta
1796,15/12/2019,Senayan
1797,15/12/2019,Tebet
1798,15/12/2019,Jakarta Selatan
1799,15/12/2019,Jakarta Pusat
1800,15/12/2019,Jakarta Timur
1801,15/12/2019,Jakarta Barat
1802,15/12/2019,Rawa Buaya
1803,15/12/2019,Sukabumi Selatan
1804,15/12/2019,Bambu Utara
1805,18/12/2019,Rawa Buaya
1806,18/12/2019,Sukabumi Selatan
1807,18/12/2019,Bambu Utara
1808,17/12/2019,Jakarta Selatan
1809,17/12/2019,Jakarta Pusat
1810,17/12/2019,Senayan
1811,17/12/2019,Jakarta Timur
1812,17/12/2019,Jakarta Barat
1813,17/12/2019,Rawa Buaya
1814,17/12/2019,Sukabumi Selatan
1815,17/12/2019,Bambu Utara
1816,17/12/2019,Jakarta Utara
1817,17/12/2019,Cawang
1818,17/12/2019,Penjaringan
1819,17/12/2019,Grogol
1820,17/12/2019,Setu
1821,17/12/2019,Tomang
1822,17/12/2019,Tanjung Priok
1823,17/12/2019,Setiabudi
1824,17/12/2019,Bendungan Hilir
1825,12/12/2019,Gunung
1826,12/12/2019,Manggarai
1827,4/12/2019,Baru
1828,4/12/2019,Jakarta Utara
1829,4/12/2019,Jakarta
1830,4/12/2019,Penjaringan
1831,29/11/2019,Jakarta
1832,29/11/2019,Jakarta Timur
1833,29/11/2019,Baru
1834,19/11/2019,Jakarta
1835,19/11/2019,Jakarta Utara
1836,19/11/2019,Jakarta Pusat
1837,19/11/2019,Tanah Abang
1838,19/11/2019,Gambir
1839,19/11/2019,Sunter Agung
1840,19/11/2019,Tanjung Priok
1841,19/11/2019,Gedong
1842,18/11/2019,Jakarta Utara
1843,18/11/2019,Tanjung Priok
1844,18/11/2019,Sunter Agung
1845,18/11/2019,Sunter Jaya
1846,18/11/2019,Jakarta
1847,18/11/2019,Jakarta Pusat
1848,18/11/2019,Sungai Bambu
1849,18/11/2019,Marunda
1850,18/11/2019,Cilincing
1851,16/11/2019,Jakarta Utara
1852,16/11/2019,Tanjung Priok
1853,16/11/2019,Sunter Agung
1854,16/11/2019,Sunter Jaya
1855,16/11/2019,Jakarta
1856,16/11/2019,Jakarta Pusat
1857,16/11/2019,Sungai Bambu
1858,16/11/2019,Marunda
1859,16/11/2019,Cilincing
1860,13/11/2019,Jakarta
1861,13/11/2019,Dukuh
1862,5/11/2019,Jakarta
1863,5/11/2019,Kebon Sirih
1864,5/11/2019,Jakarta Pusat
1865,5/11/2019,Pondok Ranggon
1866,15/10/2019,Jakarta
1867,15/10/2019,Kampung Melayu
1868,15/10/2019,Jakarta Pusat
1869,15/10/2019,Bidara Cina
1870,15/10/2019,Jakarta Timur
1871,9/10/2019,Jakarta
1872,9/10/2019,Cengkareng
1873,9/10/2019,Rawa Buaya
1874,9/10/2019,Kalideres
1875,9/10/2019,Tegal Alur
1876,9/10/2019,Kebon Jeruk
1877,9/10/2019,Kedoya Selatan
1878,9/10/2019,Kedoya Utara
1879,9/10/2019,Kembangan
1880,9/10/2019,Kembangan Utara
1881,9/10/2019,Kebayoran Baru
1882,9/10/2019,Cipete Utara
1883,9/10/2019,Petogogan
1884,9/10/2019,Kebayoran Lama
1885,9/10/2019,Cipulir
1886,9/10/2019,Pondok Pinang
1887,9/10/2019,Pancoran
1888,9/10/2019,Rawajati
1889,9/10/2019,Pesanggrahan
1890,9/10/2019,Ulujami
1891,9/10/2019,Cilandak
1892,9/10/2019,Pondok Labu
1893,9/10/2019,Mampang Prapatan
1894,9/10/2019,Bangka
1895,9/10/2019,Pasar Minggu
1896,9/10/2019,Pejaten Timur
1897,9/10/2019,Jati Padang
1898,9/10/2019,Jatinegara
1899,9/10/2019,Bidara Cina
1900,9/10/2019,Kampung Melayu
1901,9/10/2019,Kramat Jati
1902,9/10/2019,Cawang
1903,9/10/2019,Cililitan
1904,9/10/2019,Makasar
1905,9/10/2019,Cipinang Melayu
1906,9/10/2019,Ciracas
1907,9/10/2019,Rambutan
1908,9/10/2019,Pademangan
1909,9/10/2019,Pademangan Barat
1910,9/10/2019,Penjaringan
1911,9/10/2019,Pluit
1912,4/7/2019,Jakarta
1913,25/6/2019,Jakarta Selatan
1914,25/6/2019,Jakarta
1915,10/6/2019,Jakarta Utara
1916,10/6/2019,Jakarta
1917,10/6/2019,Pluit
1918,10/5/2019,Jakarta
1919,8/5/2019,Jakarta
1920,1/5/2019,Jakarta
1921,1/5/2019,Jakarta Selatan
1922,30/4/2019,Jakarta
1923,29/4/2019,Jakarta
1924,29/4/2019,Kebagusan
1925,29/4/2019,Jakarta Selatan
1926,28/4/2019,Jakarta
1927,28/4/2019,Kebagusan
1928,28/4/2019,Jakarta Selatan
1929,28/4/2019,Jakarta Barat
1930,28/4/2019,Pengadegan
1931,28/4/2019,Kembangan Utara
1932,28/4/2019,Rawa Buaya
1933,28/4/2019,Manggarai
1934,28/4/2019,Gunung
1935,26/4/2019,Jakarta
1936,26/4/2019,Jakarta Pusat
1937,26/4/2019,Manggarai
1938,26/4/2019,Pluit
1939,26/4/2019,Jakarta Utara
1940,26/4/2019,Kebon Sirih
1941,26/4/2019,Jakarta Selatan
1942,26/4/2019,Pasar Baru
1943,26/4/2019,Sawah Besar
1944,7/2/2018,Jakarta Pusat
1945,7/2/2018,Manggarai
1946,7/2/2018,Kebon Sirih
1947,7/2/2018,Jakarta Selatan
1948,7/2/2018,Pasar Baru
1949,7/2/2018,Sawah Besar
1950,9/4/2019,Jakarta
1951,9/4/2019,Jakarta Pusat
1952,9/4/2019,Manggarai
1953,9/4/2019,Pluit
1954,9/4/2019,Jakarta Utara
1955,9/4/2019,Kebon Sirih
1956,9/4/2019,Jakarta Selatan
1957,9/4/2019,Pasar Baru
1958,9/4/2019,Sawah Besar
1959,16/2/2017,Jakarta
1960,16/2/2017,Jakarta Pusat
1961,16/2/2017,Manggarai
1962,16/2/2017,Pluit
1963,16/2/2017,Jakarta Utara
1964,16/2/2017,Kebon Sirih
1965,16/2/2017,Jakarta Selatan
1966,16/2/2017,Pasar Baru
1967,16/2/2017,Sawah Besar
1968,27/12/2018,Jakarta
1969,27/12/2018,Jakarta Pusat
1970,27/12/2018,Manggarai
1971,27/12/2018,Pluit
1972,27/12/2018,Jakarta Utara
1973,27/12/2018,Kebon Sirih
1974,27/12/2018,Jakarta Selatan
1975,27/12/2018,Pasar Baru
1976,27/12/2018,Sawah Besar
1977,18/3/2018,Jakarta
1978,18/3/2018,Jakarta Pusat
1979,18/3/2018,Manggarai
1980,18/3/2018,Pluit
1981,18/3/2018,Jakarta Utara
1982,18/3/2018,Kebon Sirih
1983,18/3/2018,Jakarta Selatan
1984,18/3/2018,Pasar Baru
1985,18/3/2018,Sawah Besar
1986,26/4/2019,Bidara Cina
1987,25/4/2019,Jakarta
1988,25/4/2019,Jakarta Pusat
1989,25/4/2019,Manggarai
1990,25/4/2019,Jakarta Selatan
1991,26/4/2019,Pegangsaan
1992,26/4/2019,Menteng
1993,26/4/2019,Kebon Pala
1994,26/4/2019,Jakarta Timur
1995,26/4/2019,Kebon Baru
1996,26/4/2019,Tebet
1997,16/4/2019,Jakarta
1998,16/4/2019,Jati Padang
1999,16/4/2019,Pulo
2000,16/4/2019,Pasar Minggu
2001,14/4/2019,Cipinang
2002,14/4/2019,Jakarta Timur
2003,14/4/2019,Jakarta
2004,9/5/2019,Jakarta
2005,9/5/2019,Pancoran
2006,9/5/2019,Cawang
2007,9/5/2019,Tanjung Priok
2008,8/4/2019,Jakarta Pusat
2009,8/4/2019,Jakarta
2010,4/4/2019,Pulo
2011,4/4/2019,Jati Padang
2012,4/4/2019,Jakarta Selatan
2013,4/4/2019,Jakarta
2014,4/4/2019,Pasar Minggu
2015,2/4/2019,Jakarta
2016,2/4/2019,Cawang
2017,2/4/2019,Jakarta Timur
2018,2/4/2019,Rawamangun
2019,18/3/2019,Jakarta
2020,18/3/2019,Kebayoran Baru
2021,18/3/2019,Jakarta Selatan
2022,18/3/2019,Baru
2023,18/3/2019,Gunung
2024,19/3/2019,Jakarta
2025,19/3/2019,Kebayoran Baru
2026,19/3/2019,Jakarta Selatan
2027,19/3/2019,Baru
2028,19/3/2019,Gunung
2029,17/3/2019,Jakarta
2030,17/3/2019,Gunung
2031,8/3/2019,Jakarta
2032,7/3/2019,Jakarta
2033,2/3/2019,Jakarta Selatan
2034,2/3/2019,Jakarta Timur
2035,2/3/2019,Jakarta
2036,2/3/2019,Rawajati
2037,2/3/2019,Pancoran
2038,2/3/2019,Cawang
2039,2/3/2019,Kramat Jati
2040,2/3/2019,Kampung Melayu
2041,2/3/2019,Jatinegara
2042,17/2/2019,Jakarta
2043,17/2/2019,Jakarta Selatan
2044,17/2/2019,Joglo
2045,17/2/2019,Kembangan
2046,17/2/2019,Pela Mampang
2047,17/2/2019,Cipulir
2048,17/2/2019,Kebayoran Lama
2049,17/2/2019,Pancoran
2050,17/2/2019,Ulujami
2051,17/2/2019,Pesanggrahan
2052,17/2/2019,Pengadegan
2053,17/2/2019,Kebayoran Lama Utara
2054,17/2/2019,Kelapa Gading
2055,17/2/2019,Kramatjati
2056,17/2/2019,Cililitan
2057,17/2/2019,Kebon Pala
2058,17/2/2019,Makasar
2059,17/2/2019,Ancol
2060,17/2/2019,Pademangan
2061,11/2/2019,Jakarta
2062,11/2/2019,Cipulir
2063,11/2/2019,Jakarta Selatan
2064,31/1/2019,Kebayoran Baru
2065,31/1/2019,Jakarta Selatan
2066,31/1/2019,Jakarta
2067,30/1/2019,Jakarta
2068,30/1/2019,Kelapa Gading
2069,30/1/2019,Jakarta Utara
2070,30/1/2019,Pegangsaan
2071,25/1/2019,Jakarta
2072,25/1/2019,Jakarta Pusat
2073,25/1/2019,Jakarta Barat
2074,25/1/2019,Jakarta Utara
2075,25/1/2019,Jakarta Selatan
2076,25/1/2019,Grogol
2077,25/1/2019,Cikini
2078,25/1/2019,Semanan
2079,25/1/2019,Jakarta Timur
2080,22/1/2019,Jakarta
2081,22/1/2019,Ciracas
2082,22/1/2019,Jakarta Timur
2083,14/1/2019,Jakarta
2084,14/1/2019,Jakarta Selatan
2085,14/1/2019,Jati Padang
2086,14/1/2019,Pasar Minggu
2087,13/1/2019,Jati Padang
2088,13/1/2019,Pasar Minggu
2089,13/1/2019,Jakarta Selatan
2090,13/1/2019,Jakarta
2091,26/12/2018,Jakarta
2092,20/12/2018,Jakarta
2093,20/12/2018,Cipinang
2094,20/12/2018,Rawamangun
2095,20/12/2018,Jakarta Timur
2096,13/12/2018,Jakarta Selatan
2097,13/12/2018,Cipete Utara
2098,13/12/2018,Petogogan
2099,13/12/2018,Cilandak Timur
2100,13/12/2018,Cilandak Barat
2101,13/12/2018,Krukut
2102,13/12/2018,Jakarta
2103,10/12/2018,Jakarta
2104,10/12/2018,Jakarta Pusat
2105,10/12/2018,Jakarta Timur
2106,10/12/2018,Jakarta Barat
2107,10/12/2018,Jakarta Selatan
2108,10/12/2018,Jakarta Utara
2109,10/12/2018,Kepulauan Seribu
2110,10/12/2018,Pekayon
2111,10/12/2018,Pondok Rangon
2112,10/12/2018,Cilangkap
2113,10/12/2018,Jagakarsa
2114,10/12/2018,Kalibaru
2115,10/12/2018,Rambutan
2116,10/12/2018,Semper Barat
2117,10/12/2018,Cilincing
2118,10/12/2018,Setu
2119,10/12/2018,Duren Tiga
2120,10/12/2018,Pancoran
2121,10/12/2018,Bangka
2122,3/12/2018,Jakarta
2123,3/12/2018,Cakung
2124,3/12/2018,Jakarta Timur
2125,3/12/2018,Rawa Terate
2126,3/12/2018,Rambutan
2127,3/12/2018,Pondok Rangon
2128,3/12/2018,Cilangkap
2129,3/12/2018,Pekayon
2130,3/12/2018,Jagakarsa
2131,3/12/2018,Baru
2132,3/12/2018,Krukut
2133,3/12/2018,Tambora
2134,3/12/2018,Mangga Besar
2135,3/12/2018,Grogol
2136,3/12/2018,Palmerah
2137,3/12/2018,Kemanggisan
2138,3/12/2018,Jakarta Selatan
2139,3/12/2018,Jakarta Barat
2140,3/12/2018,Jakarta Pusat
2141,3/12/2018,Jakarta Utara
2142,28/11/2018,Jakarta
2143,28/11/2018,Jakarta Selatan
2144,28/11/2018,Cilandak
2145,28/11/2018,Gandaria Selatan
2146,28/11/2018,Cipete Selatan
2147,16/11/2018,Jakarta
2148,16/11/2018,Marunda
2149,16/11/2018,Cipinang Melayu
2150,15/11/2018,Jakarta
2151,15/11/2018,Jakarta Pusat
2152,11/11/2018,Jakarta
2153,11/11/2018,Cipinang Melayu
2154,11/11/2018,Jakarta Timur
2155,11/11/2018,Cipinang Muara
2156,11/11/2018,Rambutan
2157,21/8/2018,Gunung
2158,21/8/2018,Jakarta
2159,2/7/2018,Jakarta
2160,2/7/2018,Jakarta Pusat
2161,25/6/2018,Jakarta Timur
2162,25/6/2018,Kampung Melayu
2163,25/6/2018,Jatinegara
2164,25/6/2018,Jakarta
2165,25/6/2018,Bidara Cina
2166,25/6/2018,Kramat Jati
2167,25/6/2018,Cawang
2168,25/6/2018,Cililitan
2169,21/5/2018,Jakarta
2170,21/5/2018,Kampung Melayu
2171,21/5/2018,Jakarta Timur
2172,21/5/2018,Makasar
2173,20/5/2018,Kampung Melayu
2174,20/5/2018,Jatinegara
2175,20/5/2018,Jakarta Timur
2176,20/5/2018,Jakarta
2177,20/5/2018,Cilandak Timur
2178,20/5/2018,Pasar Minggu
2179,20/5/2018,Jakarta Selatan
2180,20/5/2018,Krukut
2181,20/5/2018,Kebon Pala
2182,6/5/2018,Jakarta Pusat
2183,6/5/2018,Jakarta
2184,3/5/2018,Jakarta Selatan
2185,3/5/2018,Bangka
2186,3/5/2018,Mampang Prapatan
2187,3/5/2018,Jakarta
2188,3/5/2018,Krukut
2189,3/5/2018,Cilandak Timur
2190,3/5/2018,Ragunan
2191,3/5/2018,Jati Padang
2192,3/5/2018,Duren Tiga
2193,3/5/2018,Pondok Labu
2194,4/4/2018,Jakarta
2195,4/4/2018,Jakarta Pusat
2196,4/4/2018,Krukut
2197,4/4/2018,Kramatjati
2198,4/4/2018,Cipinang Melayu
2199,4/4/2018,Jakarta Timur
2200,4/4/2018,Makasar
2201,3/4/2018,Jakarta
2202,3/4/2018,Kebon Sirih
2203,3/4/2018,Jakarta Pusat
2204,27/3/2018,Jakarta
2205,27/3/2018,Tanjung Priok
2206,27/3/2018,Jakarta Utara
2207,27/3/2018,Sungai Bambu
2208,8/3/2018,Jakarta
2209,9/3/2018,Jakarta
2210,7/3/2018,Jakarta
2211,7/3/2018,Jakarta Barat
2212,7/3/2018,Jakarta Selatan
2213,7/3/2018,Jakarta Timur
2214,7/3/2018,Palmerah
2215,7/3/2018,Pulogadung
2216,7/3/2018,Rawamangun
2217,7/3/2018,Kebayoran Lama
2218,23/2/2018,Jakarta
2219,19/2/2018,Jakarta
2220,19/2/2018,Tanah Abang
2221,19/2/2018,Jakarta Pusat
2222,16/2/2018,Jakarta
2223,16/2/2018,Jakarta Pusat
2224,16/2/2018,Jakarta Barat
2225,16/2/2018,Jakarta Timur
2226,16/2/2018,Cakung Barat
2227,16/2/2018,Kebon Kosong
2228,16/2/2018,Kemayoran
2229,16/2/2018,Tegal Alur
2230,16/2/2018,Kalideres
2231,16/2/2018,Cengkareng
2232,16/2/2018,Duri Kosambi
2233,16/2/2018,Cengkareng Barat
2234,16/2/2018,Cengkareng Timur
2235,16/2/2018,Kamal
2236,16/2/2018,Grogol Petamburan
2237,16/2/2018,Jelambar Baru
2238,16/2/2018,Cempaka Putih
2239,16/2/2018,Cempaka Putih Timur
2240,16/2/2018,Cakung
2241,16/2/2018,Rawa Terate
2242,15/2/2018,Kelapa Gading
2243,15/2/2018,Jakarta
2244,15/2/2018,Cakung
2245,15/2/2018,Jakarta Timur
2246,15/2/2018,Cakung Timur
2247,15/2/2018,Rawa Terate
2248,15/2/2018,Jakarta Pusat
2249,15/2/2018,Gambir
2250,15/2/2018,Kemayoran
2251,15/2/2018,Menteng
2252,15/2/2018,Jakarta Utara
2253,15/2/2018,Pademangan
2254,15/2/2018,Tanjung Priok
2255,15/2/2018,Jakarta Barat
2256,15/2/2018,Kalideres
2257,15/2/2018,Cengkareng
2258,15/2/2018,Kapuk
2259,15/2/2018,Rawa Buaya
2260,15/2/2018,Duri Kosambi
2261,15/2/2018,Cengkareng Barat
2262,15/2/2018,Cengkareng Timur
2263,15/2/2018,Tegal Alur
2264,15/2/2018,Kebon Jeruk
2265,15/2/2018,Duri Kepa
2266,15/2/2018,Grogol Petamburan
2267,15/2/2018,Wijaya Kusuma
2268,15/2/2018,Jelambar Baru
2269,15/2/2018,Palmerah
2270,15/2/2018,Jati
2271,15/2/2018,Pulo
2272,15/2/2018,Cilincing
2273,15/2/2018,Sukapura
2274,15/2/2018,Koja
2275,15/2/2018,Tugu Selatan
2276,15/2/2018,Cempaka Putih
2277,15/2/2018,Cempaka Putih Timur
2278,15/2/2018,Cakung Barat
2279,16/2/2018,Gambir
2280,16/2/2018,Menteng
2281,16/2/2018,Jakarta Utara
2282,16/2/2018,Pademangan
2283,16/2/2018,Tanjung Priok
2284,16/2/2018,Kelapa Gading
2285,16/2/2018,Kapuk
2286,16/2/2018,Rawa Buaya
2287,16/2/2018,Kebon Jeruk
2288,16/2/2018,Duri Kepa
2289,16/2/2018,Wijaya Kusuma
2290,16/2/2018,Palmerah
2291,16/2/2018,Jati
2292,16/2/2018,Pulo
2293,16/2/2018,Cilincing
2294,16/2/2018,Sukapura
2295,16/2/2018,Koja
2296,16/2/2018,Tugu Selatan
2297,15/2/2018,Jatinegara
2298,15/2/2018,Kayu Putih
2299,15/2/2018,Pulogadung
2300,15/2/2018,Pulo Gebang
2301,15/2/2018,Rawamangun
2302,15/2/2018,Cempaka Putih Barat
2303,15/2/2018,Johar Baru
2304,15/2/2018,Kartini
2305,15/2/2018,Kramat
2306,15/2/2018,Paseban
2307,15/2/2018,Kamal
2308,15/2/2018,Kedoya Utara
2309,15/2/2018,Kembangan Utara
2310,15/2/2018,Ancol
2311,15/2/2018,Kamal Muara
2312,15/2/2018,Kapuk Muara
2313,15/2/2018,Kelapa Gading Barat
2314,15/2/2018,Kelapa Gading Timur
2315,15/2/2018,Lagoa
2316,15/2/2018,Penjaringan
2317,15/2/2018,Sungai Bambu
2318,15/2/2018,Sunter Jaya
2319,15/2/2018,Senen
2320,12/2/2018,Kemayoran
2321,12/2/2018,Jakarta Pusat
2322,12/2/2018,Jakarta
2323,10/2/2018,Jakarta
2324,10/2/2018,Kemayoran
2325,10/2/2018,Jakarta Pusat
2326,10/2/2018,Pulo
2327,10/2/2018,Jakarta Timur
2328,10/2/2018,Gambir
2329,10/2/2018,Senen
2330,9/2/2018,Manggarai
2331,9/2/2018,Jakarta
2332,9/2/2018,Jakarta Pusat
2333,9/2/2018,Cengkareng Barat
2334,9/2/2018,Kampung Melayu
2335,9/2/2018,Angke
2336,9/2/2018,Pesanggrahan
2337,9/2/2018,Krukut
2338,9/2/2018,Cililitan
2339,9/2/2018,Jakarta Timur
2340,9/2/2018,Jatinegara
2341,9/2/2018,Marunda
2342,8/2/2018,Jakarta
2343,8/2/2018,Pluit
2344,8/2/2018,Jakarta Utara
2345,8/2/2018,Angke
2346,8/2/2018,Pesanggrahan
2347,8/2/2018,Grogol
2348,8/2/2018,Krukut
2349,8/2/2018,Baru
2350,8/2/2018,Cipinang
2351,8/2/2018,Jati
2352,8/2/2018,Kramat
2353,8/2/2018,Cakung
2354,7/2/2018,Gunung
2355,7/2/2018,Ancol
2356,7/2/2018,Menteng
2357,7/2/2018,Kampung Melayu
2358,7/2/2018,Jakarta Timur
2359,7/2/2018,Karet
2360,7/2/2018,Cilincing
2361,7/2/2018,Bukit Duri
2362,7/2/2018,Cililitan
2363,7/2/2018,Warakas
2364,7/2/2018,Pademangan
2365,7/2/2018,Cawang
2366,7/2/2018,Jatinegara
2367,6/2/2018,Jakarta
2368,6/2/2018,Cililitan
2369,6/2/2018,Jakarta Pusat
2370,6/2/2018,Jakarta Timur
2371,6/2/2018,Pulo
2372,6/2/2018,Jatinegara
2373,6/2/2018,Kebon Sirih
2374,6/2/2018,Bukit Duri
2375,6/2/2018,Jakarta Selatan
2376,6/2/2018,Kebon Pala
2377,6/2/2018,Cawang
2378,6/2/2018,Balekambang
2379,6/2/2018,Rawajati
2380,6/2/2018,Pancoran
2381,6/2/2018,Kramat Jati
2382,6/2/2018,Kalibata
2383,6/2/2018,Pengadegan
2384,6/2/2018,Pejaten Timur
2385,6/2/2018,Kebon Baru
2386,6/2/2018,Bidara Cina
2387,6/2/2018,Kampung Melayu
2388,6/2/2018,Manggarai
2389,6/2/2018,Gunung
2390,5/2/2018,Jakarta
2391,5/2/2018,Pesanggrahan
2392,5/2/2018,Angke
2393,5/2/2018,Rawajati
2394,5/2/2018,Pancoran
2395,5/2/2018,Jakarta Selatan
2396,5/2/2018,Pasar Minggu
2397,5/2/2018,Tebet
2398,5/2/2018,Jagakarsa
2399,5/2/2018,Jakarta Timur
2400,5/2/2018,Cawang
2401,5/2/2018,Kalibata
2402,5/2/2018,Bidara Cina
2403,5/2/2018,Kampung Melayu
2404,5/2/2018,Bukit Duri
2405,5/2/2018,Balekambang
2406,5/2/2018,Kramat Jati
2407,5/2/2018,Krukut
2408,5/2/2018,Gunung
2409,5/2/2018,Cilandak
2410,5/2/2018,Menteng
2411,5/2/2018,Jakarta Pusat
2412,5/2/2018,Pengadegan
2413,5/2/2018,Pondok Labu
2414,5/2/2018,Cililitan
2415,5/2/2018,Cakung
2416,5/2/2018,Manggarai
2417,5/2/2018,Srengseng Sawah
2418,5/2/2018,Pejaten Timur
2419,5/2/2018,Kebon Baru
2420,5/2/20118,Jakarta
2421,5/2/20118,Manggarai
2422,5/2/20118,Srengseng Sawah
2423,5/2/20118,Rawajati
2424,5/2/20118,Kalibata
2425,5/2/20118,Pengadegan
2426,5/2/20118,Pejaten Timur
2427,5/2/20118,Kebon Baru
2428,5/2/20118,Bukit Duri
2429,5/2/20118,Balekambang
2430,5/2/20118,Cililitan
2431,5/2/20118,Bidara Cina
2432,5/2/20118,Kampung Melayu
2433,5/2/20118,Krukut
2434,5/2/20118,Cipinang
2435,5/2/20118,Karet
2436,5/2/20118,Pesanggrahan
2437,5/2/2018,Cipinang
2438,5/2/2018,Karet
2439,5/2/2018,Cakung Timur
2440,3/2/2018,Kampung Melayu
2441,3/2/2018,Jakarta Timur
2442,3/2/2018,Jakarta
2443,3/2/2018,Jatinegara
2444,1/2/2018,Jakarta
2445,1/2/2018,Jakarta Selatan
2446,1/2/2018,Jakarta Pusat
2447,30/12/2017,Jakarta
2448,30/12/2017,Jakarta Selatan
2449,30/12/2017,Cikini
2450,30/12/2017,Jakarta Pusat
2451,28/12/2017,Jakarta
2452,26/12/2017,Jakarta
2453,22/12/2017,Jakarta
2454,22/12/2017,Pulo
2455,22/12/2017,Jati Padang
2456,22/12/2017,Jakarta Selatan
2457,22/12/2017,Pasar Minggu
2458,21/12/2017,Jati Padang
2459,21/12/2017,Jakarta Selatan
2460,21/12/2017,Pulo
2461,21/12/2017,Jakarta Timur
2462,21/12/2017,Jakarta
2463,20/12/2017,Jakarta
2464,20/12/2017,Gambir
2465,20/12/2017,Jakarta Pusat
2466,20/12/2017,Balekambang
2467,20/12/2017,Manggarai
2468,20/12/2017,Ulujami
2469,20/12/2017,Tanah Abang
2470,20/12/2017,Pesanggrahan
2471,17/12/2017,Pulo
2472,17/12/2017,Jati Padang
2473,17/12/2017,Jakarta Selatan
2474,17/12/2017,Jakarta
2475,17/12/2017,Pasar Minggu
2476,16/12/2017,Jakarta
2477,16/12/2017,Jakarta Selatan
2478,16/12/2017,Jakarta Timur
2479,16/12/2017,Jagakarsa
2480,16/12/2017,Cipinang Melayu
2481,15/12/2017,Jakarta
2482,15/12/2017,Jakarta Pusat
2483,15/12/2017,Gambir
2484,14/12/2017,Cawang
2485,14/12/2017,Jakarta
2486,14/12/2017,Cipinang
2487,13/12/2017,Jakarta Selatan
2488,13/12/2017,Jakarta
2489,13/12/2017,Kuningan Barat
2490,13/12/2017,Cawang
2491,13/12/2017,Gambir
2492,13/12/2017,Jakarta Pusat
2493,13/12/2017,Dukuh
2494,13/12/2017,Jati Padang
2495,13/12/2017,Pulo
2496,13/12/2017,Setu
2497,12/12/2017,Jakarta
2498,12/12/2017,Gambir
2499,12/12/2017,Jakarta Pusat
2500,12/12/2017,Dukuh
2501,11/12/2017,Jakarta
2502,11/12/2017,Gambir
2503,11/12/2017,Jakarta Pusat
2504,11/12/2017,Dukuh
2505,11/12/2017,Pulo
2506,12/12/2017,Pulo
2507,12/12/2017,Jati Padang
2508,12/12/2017,Jakarta Selatan
2509,11/12/2017,Jakarta Selatan
2510,11/12/2017,Jakarta Barat
2511,11/12/2017,Jakarta Timur
2512,11/12/2017,Karet
2513,11/12/2017,Setiabudi
2514,11/12/2017,Lenteng Agung
2515,11/12/2017,Ancol
2516,11/11/2017,Jakarta
2517,11/11/2017,Kepulauan Seribu
2518,11/12/2017,Jati Padang
2519,11/12/2017,Pasar Minggu
2520,11/12/2017,Mangga Besar
2521,11/12/2017,Sawah Besar
2522,11/12/2017,Gunung
2523,11/12/2017,Cawang
2524,8/12/2017,Jakarta
2525,8/12/2017,Jakarta Pusat
2526,8/12/2017,Kalibaru
2527,8/12/2017,Jakarta Utara
2528,7/12/2017,Jakarta
2529,6/12/2017,Jakarta
2530,6/12/2017,Jakarta Utara
2531,6/12/2017,Jakarta Barat
2532,6/12/2017,Jakarta Pusat
2533,6/12/2017,Penjaringan
2534,6/12/2017,Pademangan
2535,6/12/2017,Cilincing
2536,6/12/2017,Tanjung Priok
2537,6/12/2017,Koja
2538,6/12/2017,Grogol Petamburan
2539,6/12/2017,Baru
2540,5/12/2017,Jakarta
2541,5/12/2017,Penjaringan
2542,5/12/2017,Jakarta Utara
2543,5/12/2017,Pluit
2544,5/12/2017,Jakarta Pusat
2545,5/12/2017,Jakarta Barat
2546,5/12/2017,Pademangan
2547,5/12/2017,Cilincing
2548,5/12/2017,Tanjung Priok
2549,5/12/2017,Koja
2550,5/12/2017,Grogol Petamburan
2551,5/12/2017,Baru
2552,5/12/2017,Kapuk Muara
2553,5/12/2017,Pejagalan
2554,5/12/2017,Kamal Muara
2555,5/12/2017,Ancol
2556,5/12/2017,Marunda
2557,5/12/2017,Sunter Agung
2558,5/12/2017,Jelambar Baru
2559,5/12/2017,Senayan
2560,3/11/2017,Jakarta
2561,3/11/2017,Baru
2562,3/11/2017,Jakarta Pusat
2563,3/11/2017,Senayan
2564,30/11/2017,Pulo
2565,30/11/2017,Jakarta Selatan
2566,30/11/2017,Jakarta
2567,22/11/2017,Jakarta Selatan
2568,22/11/2017,Pasar Minggu
2569,22/11/2017,Jakarta
2570,22/11/2017,Pulo
2571,22/11/2017,Gambir
2572,22/11/2017,Jakarta Pusat
2573,17/11/2017,Jakarta
2574,17/11/2017,Tebet
2575,17/11/2017,Pancoran
2576,17/11/2017,Tomang
2577,16/11/2017,Jakarta
2578,16/11/2017,Kebon Sirih
2579,16/11/2017,Gambir
2580,16/11/2017,Jakarta Pusat
2581,15/11/2017,Jakarta
2582,15/11/2017,Jakarta Pusat
2583,15/11/2017,Gunung
2584,15/11/2017,Kemayoran
2585,14/11/2017,Jakarta
2586,14/11/2017,Gambir
2587,14/11/2017,Jakarta Pusat
2588,14/11/2017,Jakarta Selatan
2589,13/11/2017,Jakarta
2590,13/11/2017,Jakarta Selatan
2591,13/11/2017,Jakarta Pusat
2592,13/11/2017,Ciganjur
2593,12/11/2017,Jakarta
2594,12/11/2017,Kebon Jeruk
2595,12/11/2017,Tomang
2596,8/11/2017,Jakarta
2597,8/11/2017,Jakarta Utara
2598,8/11/2017,Penjaringan
2599,8/11/2017,Jakarta Pusat
2600,7/11/2017,Penjaringan
2601,7/11/2017,Jakarta Utara
2602,7/11/2017,Jakarta
2603,7/11/2017,Kebon Sirih
2604,26/10/2017,Jakarta
2605,26/10/2017,Bukit Duri
2606,26/10/2017,Jakarta Timur
2607,26/10/2017,Krukut
2608,26/10/2017,Kemayoran
2609,26/10/2017,Jakarta Pusat
2610,25/10/2017,Jakarta
2611,25/10/2017,Koja
2612,25/10/2017,Jakarta Utara
2613,25/10/2017,Tugu Utara
2614,25/10/2017,Jakarta Selatan
2615,24/10/2017,Jakarta Pusat
2616,24/10/2017,Jakarta
2617,23/10/2017,Jakarta
2618,23/10/2017,Jakarta Selatan
2619,20/10/2017,Jakarta Selatan
2620,20/10/2017,Jakarta
2621,20/10/2017,Pulo
2622,20/10/2017,Pasar Minggu
2623,20/10/2017,Jakarta Pusat
2624,19/10/2017,Jakarta
2625,19/10/2017,Jakarta Pusat
2626,19/10/2017,Jakarta Selatan
2627,19/10/2017,Pasar Minggu
2628,19/10/2017,Jakarta Timur
2629,19/10/2017,Cipinang
2630,19/10/2017,Cipinang Melayu
2631,19/10/2017,Mampang Prapatan
2632,19/10/2017,Kedoya Utara
2633,19/10/2017,Kebon Jeruk
2634,19/10/2017,Jakarta Barat
2635,20/10/2017,Mampang Prapatan
2636,20/10/2017,Krukut
2637,20/10/2017,Cipete Utara
2638,19/10/2017,Cilandak
2639,19/10/2017,Ragunan
